%time,field.header.seq,field.header.stamp,field.header.frame_id,field.orientation.x,field.orientation.y,field.orientation.z,field.orientation.w,field.orientation_covariance0,field.orientation_covariance1,field.orientation_covariance2,field.orientation_covariance3,field.orientation_covariance4,field.orientation_covariance5,field.orientation_covariance6,field.orientation_covariance7,field.orientation_covariance8,field.angular_velocity.x,field.angular_velocity.y,field.angular_velocity.z,field.angular_velocity_covariance0,field.angular_velocity_covariance1,field.angular_velocity_covariance2,field.angular_velocity_covariance3,field.angular_velocity_covariance4,field.angular_velocity_covariance5,field.angular_velocity_covariance6,field.angular_velocity_covariance7,field.angular_velocity_covariance8,field.linear_acceleration.x,field.linear_acceleration.y,field.linear_acceleration.z,field.linear_acceleration_covariance0,field.linear_acceleration_covariance1,field.linear_acceleration_covariance2,field.linear_acceleration_covariance3,field.linear_acceleration_covariance4,field.linear_acceleration_covariance5,field.linear_acceleration_covariance6,field.linear_acceleration_covariance7,field.linear_acceleration_covariance8
1776135943260099584,0,1776135943260099584,base_link,0.0,0.0,0.0,1.0,1.0,0.0,0.0,0.0,1.0,0.0,0.0,0.0,1.0,0.0050396382151336,-0.041844268816564,0.001221730476396,1.21846967915e-07,0.0,0.0,0.0,1.21846967915e-07,0.0,0.0,0.0,1.21846967915e-07,-0.0897308475,0.0023928226,10.0295159279,9e-08,0.0,0.0,0.0,9e-08,0.0,0.0,0.0,9e-08
1776135943361497088,1,1776135943361497088,base_link,0.00022468060654260433,-0.002121435127780991,7.015892154814826e-05,0.9999977220520802,1.0,0.0,0.0,0.0,1.0,0.0,0.0,0.0,1.0,0.0044287729769356,-0.041844268816564,0.0013744467859455,1.21846967915e-07,0.0,0.0,0.0,1.21846967915e-07,0.0,0.0,0.0,1.21846967915e-07,-0.0813559683999999,0.011964113,10.0534441539,9e-08,0.0,0.0,0.0,9e-08,0.0,0.0,0.0,9e-08
1776135943462475776,2,1776135943462475776,base_link,0.0004332722069578597,-0.004249491547126495,0.00013320472511742497,0.9999908681349479,1.0,0.0,0.0,0.0,1.0,0.0,0.0,0.0,1.0,0.0041233403578366,-0.042149701435663,0.001221730476396,1.21846967915e-07,0.0,0.0,0.0,1.21846967915e-07,0.0,0.0,0.0,1.21846967915e-07,-0.0849452023,0.0167497582,10.0438728635,9e-08,0.0,0.0,0.0,9e-08,0.0,0.0,0.0,9e-08
1776135943563440384,3,1776135943563440384,base_link,0.0006729330809291179,-0.006400327824249109,0.00019733806148900004,0.9999792717964209,1.0,0.0,0.0,0.0,1.0,0.0,0.0,0.0,1.0,0.0047342055960346,-0.0426078503643115,0.001221730476396,1.21846967915e-07,0.0,0.0,0.0,1.21846967915e-07,0.0,0.0,0.0,1.21846967915e-07,-0.0837487909999999,0.0179461695,10.0654082669,9e-08,0.0,0.0,0.0,9e-08,0.0,0.0,0.0,9e-08
1776135943664302080,4,1776135943664302080,base_link,0.000904903338526386,-0.008548911867934678,0.00026236402153915285,0.9999630135264715,1.0,0.0,0.0,0.0,1.0,0.0,0.0,0.0,1.0,0.0045814892864851,-0.0426078503643115,0.001221730476396,1.21846967915e-07,0.0,0.0,0.0,1.21846967915e-07,0.0,0.0,0.0,1.21846967915e-07,-0.0909272588,0.0215354033999999,10.0534441539,9e-08,0.0,0.0,0.0,9e-08,0.0,0.0,0.0,9e-08
1776135943765140224,5,1776135943765140224,base_link,0.001121742049226031,-0.010650738932195584,0.0003358474372169604,0.9999425936829935,1.0,0.0,0.0,0.0,1.0,0.0,0.0,0.0,1.0,0.0042760566673861,-0.0416915525070145,0.0013744467859455,1.21846967915e-07,0.0,0.0,0.0,1.21846967915e-07,0.0,0.0,0.0,1.21846967915e-07,-0.1064806057,0.0047856452,10.064211855599998,9e-08,0.0,0.0,0.0,9e-08,0.0,0.0,0.0,9e-08
1776135943865941248,6,1776135943865941248,base_link,0.0013850518364287667,-0.012751667689709601,0.00041848964129194763,0.9999176473435009,1.0,0.0,0.0,0.0,1.0,0.0,0.0,0.0,1.0,0.0051923545246831,-0.0416915525070145,0.001527163095495,1.21846967915e-07,0.0,0.0,0.0,1.21846967915e-07,0.0,0.0,0.0,1.21846967915e-07,-0.1004985492,0.0131605243,10.0546405652,9e-08,0.0,0.0,0.0,9e-08,0.0,0.0,0.0,9e-08
1776135943966822400,7,1776135943966822400,base_link,0.001641068694475244,-0.014877294988555752,0.0004945136095735545,0.9998878579339053,1.0,0.0,0.0,0.0,1.0,0.0,0.0,0.0,1.0,0.0050396382151336,-0.042149701435663,0.0013744467859455,1.21846967915e-07,0.0,0.0,0.0,1.21846967915e-07,0.0,0.0,0.0,1.21846967915e-07,-0.0909272588,0.0131605243,10.0606226217,9e-08,0.0,0.0,0.0,9e-08,0.0,0.0,0.0,9e-08
1776135944067634432,8,1776135944067634432,base_link,0.0018819263632592843,-0.017016747818732077,0.0005790220562432212,0.9998532659247034,1.0,0.0,0.0,0.0,1.0,0.0,0.0,0.0,1.0,0.0047342055960346,-0.042455134054762,0.001527163095495,1.21846967915e-07,0.0,0.0,0.0,1.21846967915e-07,0.0,0.0,0.0,1.21846967915e-07,-0.0825523797,0.0131605243,10.0630154443,9e-08,0.0,0.0,0.0,9e-08,0.0,0.0,0.0,9e-08
1776135944168682752,9,1776135944168682752,base_link,0.002139068812054429,-0.01913794812915643,0.0006649918871415686,0.9998143433217054,1.0,0.0,0.0,0.0,1.0,0.0,0.0,0.0,1.0,0.0050396382151336,-0.0419969851261135,0.001527163095495,1.21846967915e-07,0.0,0.0,0.0,1.21846967915e-07,0.0,0.0,0.0,1.21846967915e-07,-0.0873380249,0.0191425808,10.061819033,9e-08,0.0,0.0,0.0,9e-08,0.0,0.0,0.0,9e-08
1776135944269703168,10,1776135944269703168,base_link,0.002373469621134685,-0.021266139687262167,0.0007592463865755953,0.999770744465792,1.0,0.0,0.0,0.0,1.0,0.0,0.0,0.0,1.0,0.0045814892864851,-0.042149701435663,0.0016798794050445,1.21846967915e-07,0.0,0.0,0.0,1.21846967915e-07,0.0,0.0,0.0,1.21846967915e-07,-0.0945164927,0.0323031051,10.0654082669,9e-08,0.0,0.0,0.0,9e-08,0.0,0.0,0.0,9e-08
1776135944370578176,11,1776135944370578176,base_link,0.0026085592909175937,-0.023360250815302464,0.0008850599980511777,0.9997233171078245,1.0,0.0,0.0,0.0,1.0,0.0,0.0,0.0,1.0,0.0045814892864851,-0.041538836197465,0.0022907446432425,1.21846967915e-07,0.0,0.0,0.0,1.21846967915e-07,0.0,0.0,0.0,1.21846967915e-07,-0.0909272588,0.0191425808,10.0785687912,9e-08,0.0,0.0,0.0,9e-08,0.0,0.0,0.0,9e-08
1776135944471592960,12,1776135944471592960,base_link,0.0028594928920345,-0.025503389690606882,0.0009971035150279912,0.9996701486986943,1.0,0.0,0.0,0.0,1.0,0.0,0.0,0.0,1.0,0.0048869219055841,-0.042455134054762,0.0019853120241435,1.21846967915e-07,0.0,0.0,0.0,1.21846967915e-07,0.0,0.0,0.0,1.21846967915e-07,-0.0813559683999999,0.011964113,10.0666046782,9e-08,0.0,0.0,0.0,9e-08,0.0,0.0,0.0,9e-08
1776135944572616192,13,1776135944572616192,base_link,0.003086177444063069,-0.02760817631157379,0.0010554656602370384,0.9996135003599006,1.0,0.0,0.0,0.0,1.0,0.0,0.0,0.0,1.0,0.0044287729769356,-0.0416915525070145,0.000916297857297,1.21846967915e-07,0.0,0.0,0.0,1.21846967915e-07,0.0,0.0,0.0,1.21846967915e-07,-0.0849452023,0.0155533468999999,10.0821580251,9e-08,0.0,0.0,0.0,9e-08,0.0,0.0,0.0,9e-08
1776135944673499136,14,1776135944673499136,base_link,0.003314800457653852,-0.02974816908399265,0.0011841001519646648,0.9995512275220847,1.0,0.0,0.0,0.0,1.0,0.0,0.0,0.0,1.0,0.0044287729769356,-0.042455134054762,0.0022907446432425,1.21846967915e-07,0.0,0.0,0.0,1.21846967915e-07,0.0,0.0,0.0,1.21846967915e-07,-0.1016949604999999,0.0179461695,10.0666046782,9e-08,0.0,0.0,0.0,9e-08,0.0,0.0,0.0,9e-08
1776135944775073792,15,1776135944775073792,base_link,0.0035687012851609557,-0.03190259734065845,0.0013153038689401183,0.9994837460558275,1.0,0.0,0.0,0.0,1.0,0.0,0.0,0.0,1.0,0.0048869219055841,-0.042455134054762,0.0022907446432425,1.21846967915e-07,0.0,0.0,0.0,1.21846967915e-07,0.0,0.0,0.0,1.21846967915e-07,-0.0933200814,0.0215354033999999,10.0773723799,9e-08,0.0,0.0,0.0,9e-08,0.0,0.0,0.0,9e-08
1776135944875952640,16,1776135944875952640,base_link,0.003827976782034273,-0.03405756761077209,0.0014161720757646379,0.9994115384259108,1.0,0.0,0.0,0.0,1.0,0.0,0.0,0.0,1.0,0.0050396382151336,-0.042760566673861,0.0016798794050445,1.21846967915e-07,0.0,0.0,0.0,1.21846967915e-07,0.0,0.0,0.0,1.21846967915e-07,-0.0981057266,0.0107677016999999,10.0630154443,9e-08,0.0,0.0,0.0,9e-08,0.0,0.0,0.0,9e-08
1776135944976864768,17,1776135944976864768,base_link,0.004033381419662022,-0.03614384704127455,0.0015082240421907518,0.999337320135508,1.0,0.0,0.0,0.0,1.0,0.0,0.0,0.0,1.0,0.0039706240482871,-0.0413861198879155,0.001527163095495,1.21846967915e-07,0.0,0.0,0.0,1.21846967915e-07,0.0,0.0,0.0,1.21846967915e-07,-0.0969093152999999,0.0179461695,10.0821580251,9e-08,0.0,0.0,0.0,9e-08,0.0,0.0,0.0,9e-08
1776135945077663232,18,1776135945077663232,base_link,0.004299806632893733,-0.03825831362344173,0.001588089334368055,0.9992573697871215,1.0,0.0,0.0,0.0,1.0,0.0,0.0,0.0,1.0,0.0051923545246831,-0.0419969851261135,0.001221730476396,1.21846967915e-07,0.0,0.0,0.0,1.21846967915e-07,0.0,0.0,0.0,1.21846967915e-07,-0.0909272588,0.023928226,10.064211855599998,9e-08,0.0,0.0,0.0,9e-08,0.0,0.0,0.0,9e-08
1776135945178460928,19,1776135945178460928,base_link,0.004528587909994041,-0.04036485799708689,0.0016828367886648498,0.999173327401587,1.0,0.0,0.0,0.0,1.0,0.0,0.0,0.0,1.0,0.0044287729769356,-0.041844268816564,0.001527163095495,1.21846967915e-07,0.0,0.0,0.0,1.21846967915e-07,0.0,0.0,0.0,1.21846967915e-07,-0.0981057266,0.0179461695,10.0701939121,9e-08,0.0,0.0,0.0,9e-08,0.0,0.0,0.0,9e-08
1776135945279243776,20,1776135945279243776,base_link,0.004780044329891094,-0.04249396593747802,0.0017642004663921912,0.9990837310415094,1.0,0.0,0.0,0.0,1.0,0.0,0.0,0.0,1.0,0.0048869219055841,-0.0423024177452125,0.001221730476396,1.21846967915e-07,0.0,0.0,0.0,1.21846967915e-07,0.0,0.0,0.0,1.21846967915e-07,-0.0801595571,0.0143569356,10.0725867347,9e-08,0.0,0.0,0.0,9e-08,0.0,0.0,0.0,9e-08
1776135945380088320,21,1776135945380088320,base_link,0.0050415166807359305,-0.044562369299654826,0.0018928423381023667,0.9989920898084439,1.0,0.0,0.0,0.0,1.0,0.0,0.0,0.0,1.0,0.0050396382151336,-0.0410806872688165,0.002138028333693,1.21846967915e-07,0.0,0.0,0.0,1.21846967915e-07,0.0,0.0,0.0,1.21846967915e-07,-0.095712904,0.0131605243,10.0713903234,9e-08,0.0,0.0,0.0,9e-08,0.0,0.0,0.0,9e-08
1776135945481031936,22,1776135945481031936,base_link,0.005264790505735351,-0.04664806381984935,0.002013217187396751,0.9988954835613916,1.0,0.0,0.0,0.0,1.0,0.0,0.0,0.0,1.0,0.0042760566673861,-0.0413861198879155,0.0019853120241435,1.21846967915e-07,0.0,0.0,0.0,1.21846967915e-07,0.0,0.0,0.0,1.21846967915e-07,-0.0993021378999999,0.0107677016999999,10.0582297991,9e-08,0.0,0.0,0.0,9e-08,0.0,0.0,0.0,9e-08
1776135945581977344,23,1776135945581977344,base_link,0.005488093910841893,-0.04876437038148721,0.002126930631652979,0.9987929681233298,1.0,0.0,0.0,0.0,1.0,0.0,0.0,0.0,1.0,0.0042760566673861,-0.0419969851261135,0.001832595714594,1.21846967915e-07,0.0,0.0,0.0,1.21846967915e-07,0.0,0.0,0.0,1.21846967915e-07,-0.1064806057,0.0179461695,10.0701939121,9e-08,0.0,0.0,0.0,9e-08,0.0,0.0,0.0,9e-08
1776135945683128832,24,1776135945683128832,base_link,0.0057499328537365625,-0.05086930761959687,0.0022282161016766197,0.9986862805042854,1.0,0.0,0.0,0.0,1.0,0.0,0.0,0.0,1.0,0.0050396382151336,-0.0416915525070145,0.001527163095495,1.21846967915e-07,0.0,0.0,0.0,1.21846967915e-07,0.0,0.0,0.0,1.21846967915e-07,-0.1028913717999999,0.0191425808,10.0689975008,9e-08,0.0,0.0,0.0,9e-08,0.0,0.0,0.0,9e-08
1776135945784175616,25,1776135945784175616,base_link,0.00601340664726024,-0.05298701556800666,0.002361350204410345,0.9985743032678653,1.0,0.0,0.0,0.0,1.0,0.0,0.0,0.0,1.0,0.0050396382151336,-0.0419969851261135,0.002138028333693,1.21846967915e-07,0.0,0.0,0.0,1.21846967915e-07,0.0,0.0,0.0,1.21846967915e-07,-0.0981057266,0.011964113,10.0785687912,9e-08,0.0,0.0,0.0,9e-08,0.0,0.0,0.0,9e-08
1776135945885195520,26,1776135945885195520,base_link,0.006236110401573736,-0.05509654246999007,0.0024471097773090147,0.998458558773798,1.0,0.0,0.0,0.0,1.0,0.0,0.0,0.0,1.0,0.0042760566673861,-0.041844268816564,0.001221730476396,1.21846967915e-07,0.0,0.0,0.0,1.21846967915e-07,0.0,0.0,0.0,1.21846967915e-07,-0.0933200814,0.0131605243,10.059426210400002,9e-08,0.0,0.0,0.0,9e-08,0.0,0.0,0.0,9e-08
1776135945986216960,27,1776135945986216960,base_link,0.006430415370595264,-0.057213343972748874,0.0025705438224373424,0.9983379564726937,1.0,0.0,0.0,0.0,1.0,0.0,0.0,0.0,1.0,0.003665191429188,-0.0419969851261135,0.0019853120241435,1.21846967915e-07,0.0,0.0,0.0,1.21846967915e-07,0.0,0.0,0.0,1.21846967915e-07,-0.0921236701,0.0203389920999999,10.064211855599998,9e-08,0.0,0.0,0.0,9e-08,0.0,0.0,0.0,9e-08
1776135946087652096,28,1776135946087652096,base_link,0.006680494331084818,-0.059361510387726156,0.002706333627836086,0.9982105278137849,1.0,0.0,0.0,0.0,1.0,0.0,0.0,0.0,1.0,0.0047342055960346,-0.042455134054762,0.002138028333693,1.21846967915e-07,0.0,0.0,0.0,1.21846967915e-07,0.0,0.0,0.0,1.21846967915e-07,-0.0933200814,0.0203389920999999,10.059426210400002,9e-08,0.0,0.0,0.0,9e-08,0.0,0.0,0.0,9e-08
1776135946189029632,29,1776135946189029632,base_link,0.006897057243098185,-0.061516245833272566,0.0027948263118733004,0.9980783391326816,1.0,0.0,0.0,0.0,1.0,0.0,0.0,0.0,1.0,0.0041233403578366,-0.0426078503643115,0.001221730476396,1.21846967915e-07,0.0,0.0,0.0,1.21846967915e-07,0.0,0.0,0.0,1.21846967915e-07,-0.0825523797,0.0179461695,10.0570333878,9e-08,0.0,0.0,0.0,9e-08,0.0,0.0,0.0,9e-08
1776135946292780032,30,1776135946292780032,base_link,0.007126213027843986,-0.06368949952829082,0.002878675641905639,0.9979401675272253,1.0,0.0,0.0,0.0,1.0,0.0,0.0,0.0,1.0,0.0042760566673861,-0.0419969851261135,0.0010690141668465,1.21846967915e-07,0.0,0.0,0.0,1.21846967915e-07,0.0,0.0,0.0,1.21846967915e-07,-0.0945164927,0.0155533468999999,10.0630154443,9e-08,0.0,0.0,0.0,9e-08,0.0,0.0,0.0,9e-08
1776135946394767616,31,1776135946394767616,base_link,0.007365666246077303,-0.0658489352818412,0.002939890083433731,0.9977980866534554,1.0,0.0,0.0,0.0,1.0,0.0,0.0,0.0,1.0,0.0045814892864851,-0.042455134054762,0.000610865238198,1.21846967915e-07,0.0,0.0,0.0,1.21846967915e-07,0.0,0.0,0.0,1.21846967915e-07,-0.0837487909999999,0.0155533468999999,10.0654082669,9e-08,0.0,0.0,0.0,9e-08,0.0,0.0,0.0,9e-08
1776135946496254976,32,1776135946496254976,base_link,0.007582844966557985,-0.06797408934923971,0.0030309591579932103,0.9976536658209287,1.0,0.0,0.0,0.0,1.0,0.0,0.0,0.0,1.0,0.0041233403578366,-0.0419969851261135,0.001221730476396,1.21846967915e-07,0.0,0.0,0.0,1.21846967915e-07,0.0,0.0,0.0,1.21846967915e-07,-0.0885344362,0.0167497582,10.059426210400002,9e-08,0.0,0.0,0.0,9e-08,0.0,0.0,0.0,9e-08
1776135946597283072,33,1776135946597283072,base_link,0.007837651774281367,-0.07007377468985167,0.003125056128893933,0.9975061259659371,1.0,0.0,0.0,0.0,1.0,0.0,0.0,0.0,1.0,0.0048869219055841,-0.0416915525070145,0.001221730476396,1.21846967915e-07,0.0,0.0,0.0,1.21846967915e-07,0.0,0.0,0.0,1.21846967915e-07,-0.095712904,0.0263210486,10.064211855599998,9e-08,0.0,0.0,0.0,9e-08,0.0,0.0,0.0,9e-08
1776135946698812672,34,1776135946698812672,base_link,0.008081801717051742,-0.072198662204424,0.003266024843760082,0.9973521798936511,1.0,0.0,0.0,0.0,1.0,0.0,0.0,0.0,1.0,0.0045814892864851,-0.0419969851261135,0.002138028333693,1.21846967915e-07,0.0,0.0,0.0,1.21846967915e-07,0.0,0.0,0.0,1.21846967915e-07,-0.0945164927,0.0215354033999999,10.0654082669,9e-08,0.0,0.0,0.0,9e-08,0.0,0.0,0.0,9e-08
1776135946799834624,35,1776135946799834624,base_link,0.008362412295440168,-0.07432022728281715,0.0033947649897263276,0.9971935867462727,1.0,0.0,0.0,0.0,1.0,0.0,0.0,0.0,1.0,0.0053450708342326,-0.042149701435663,0.001832595714594,1.21846967915e-07,0.0,0.0,0.0,1.21846967915e-07,0.0,0.0,0.0,1.21846967915e-07,-0.0933200814,0.0179461695,10.0570333878,9e-08,0.0,0.0,0.0,9e-08,0.0,0.0,0.0,9e-08
1776135946901343232,36,1776135946901343232,base_link,0.00861303714683302,-0.07640541385097528,0.00351475583882569,0.9970334371608415,1.0,0.0,0.0,0.0,1.0,0.0,0.0,0.0,1.0,0.0047342055960346,-0.041233403578366,0.0016798794050445,1.21846967915e-07,0.0,0.0,0.0,1.21846967915e-07,0.0,0.0,0.0,1.21846967915e-07,-0.0909272588,0.0227318147,10.061819033,9e-08,0.0,0.0,0.0,9e-08,0.0,0.0,0.0,9e-08
1776135947002458368,37,1776135947002458368,base_link,0.008839909213255566,-0.07851299872148625,0.003633676043579731,0.9968672737306966,1.0,0.0,0.0,0.0,1.0,0.0,0.0,0.0,1.0,0.0042760566673861,-0.041844268816564,0.0016798794050445,1.21846967915e-07,0.0,0.0,0.0,1.21846967915e-07,0.0,0.0,0.0,1.21846967915e-07,-0.0909272588,0.011964113,10.0678010895,9e-08,0.0,0.0,0.0,9e-08,0.0,0.0,0.0,9e-08
1776135947104204800,38,1776135947104204800,base_link,0.009138155694006654,-0.08064081906139109,0.003759918953783005,0.9966942436981769,1.0,0.0,0.0,0.0,1.0,0.0,0.0,0.0,1.0,0.0056505034533316,-0.0419969851261135,0.0016798794050445,1.21846967915e-07,0.0,0.0,0.0,1.21846967915e-07,0.0,0.0,0.0,1.21846967915e-07,-0.095712904,0.0179461695,10.0678010895,9e-08,0.0,0.0,0.0,9e-08,0.0,0.0,0.0,9e-08
1776135947205355264,39,1776135947205355264,base_link,0.009371402277857344,-0.0827639012854714,0.003858453791713809,0.9965176495164009,1.0,0.0,0.0,0.0,1.0,0.0,0.0,0.0,1.0,0.0044287729769356,-0.042149701435663,0.001221730476396,1.21846967915e-07,0.0,0.0,0.0,1.21846967915e-07,0.0,0.0,0.0,1.21846967915e-07,-0.0909272588,0.0155533468999999,10.0582297991,9e-08,0.0,0.0,0.0,9e-08,0.0,0.0,0.0,9e-08
1776135947306809088,40,1776135947306809088,base_link,0.0095829182257176,-0.0848620785012833,0.003963665504521948,0.99633873992056,1.0,0.0,0.0,0.0,1.0,0.0,0.0,0.0,1.0,0.0039706240482871,-0.041538836197465,0.0013744467859455,1.21846967915e-07,0.0,0.0,0.0,1.21846967915e-07,0.0,0.0,0.0,1.21846967915e-07,-0.0969093152999999,0.0179461695,10.0630154443,9e-08,0.0,0.0,0.0,9e-08,0.0,0.0,0.0,9e-08
1776135947408455936,41,1776135947408455936,base_link,0.009793007467944622,-0.08697178136285527,0.0040467585318463275,0.9961544207584934,1.0,0.0,0.0,0.0,1.0,0.0,0.0,0.0,1.0,0.0039706240482871,-0.0416915525070145,0.000916297857297,1.21846967915e-07,0.0,0.0,0.0,1.21846967915e-07,0.0,0.0,0.0,1.21846967915e-07,-0.0969093152999999,0.0143569356,10.0713903234,9e-08,0.0,0.0,0.0,9e-08,0.0,0.0,0.0,9e-08
1776135947510285568,42,1776135947510285568,base_link,0.010026757133794247,-0.08912266161183525,0.004217757278616297,0.9959612572043859,1.0,0.0,0.0,0.0,1.0,0.0,0.0,0.0,1.0,0.0042760566673861,-0.042455134054762,0.0025961772623415,1.21846967915e-07,0.0,0.0,0.0,1.21846967915e-07,0.0,0.0,0.0,1.21846967915e-07,-0.1016949604999999,0.0203389920999999,10.0546405652,9e-08,0.0,0.0,0.0,9e-08,0.0,0.0,0.0,9e-08
1776135947612223232,43,1776135947612223232,base_link,0.010289294454789905,-0.09125225867365654,0.0043614174939072044,0.995765099681658,1.0,0.0,0.0,0.0,1.0,0.0,0.0,0.0,1.0,0.0048869219055841,-0.0419969851261135,0.0019853120241435,1.21846967915e-07,0.0,0.0,0.0,1.21846967915e-07,0.0,0.0,0.0,1.21846967915e-07,-0.0993021378999999,0.0143569356,10.0689975008,9e-08,0.0,0.0,0.0,9e-08,0.0,0.0,0.0,9e-08
1776135947713318656,44,1776135947713318656,base_link,0.01054848404425294,-0.0933562606990502,0.0044894332405204344,0.9955667647434993,1.0,0.0,0.0,0.0,1.0,0.0,0.0,0.0,1.0,0.0048869219055841,-0.041844268816564,0.0016798794050445,1.21846967915e-07,0.0,0.0,0.0,1.21846967915e-07,0.0,0.0,0.0,1.21846967915e-07,-0.0969093152999999,0.0167497582,10.0666046782,9e-08,0.0,0.0,0.0,9e-08,0.0,0.0,0.0,9e-08
1776135947814916608,45,1776135947814916608,base_link,0.010781645827875204,-0.09550173902102523,0.0045708389023469236,0.9953603776466747,1.0,0.0,0.0,0.0,1.0,0.0,0.0,0.0,1.0,0.0044287729769356,-0.042455134054762,0.0007635815477475,1.21846967915e-07,0.0,0.0,0.0,1.21846967915e-07,0.0,0.0,0.0,1.21846967915e-07,-0.107677017,0.0071784678,10.0725867347,9e-08,0.0,0.0,0.0,9e-08,0.0,0.0,0.0,9e-08
1776135947915944192,46,1776135947915944192,base_link,0.011016533792401032,-0.09763435651239871,0.004683415299239761,0.9951503575001849,1.0,0.0,0.0,0.0,1.0,0.0,0.0,0.0,1.0,0.0044287729769356,-0.042455134054762,0.0013744467859455,1.21846967915e-07,0.0,0.0,0.0,1.21846967915e-07,0.0,0.0,0.0,1.21846967915e-07,-0.1028913717999999,0.0143569356,10.061819033,9e-08,0.0,0.0,0.0,9e-08,0.0,0.0,0.0,9e-08
1776135948017377024,47,1776135948017377024,base_link,0.011264859418279807,-0.09977447535728332,0.0048443615332666706,0.9949345150163402,1.0,0.0,0.0,0.0,1.0,0.0,0.0,0.0,1.0,0.0045814892864851,-0.042455134054762,0.0022907446432425,1.21846967915e-07,0.0,0.0,0.0,1.21846967915e-07,0.0,0.0,0.0,1.21846967915e-07,-0.095712904,0.0179461695,10.0630154443,9e-08,0.0,0.0,0.0,9e-08,0.0,0.0,0.0,9e-08
1776135948118564352,48,1776135948118564352,base_link,0.011525106653995077,-0.10189378245281273,0.004976502903751833,0.9947160717676787,1.0,0.0,0.0,0.0,1.0,0.0,0.0,0.0,1.0,0.0048869219055841,-0.042149701435663,0.0016798794050445,1.21846967915e-07,0.0,0.0,0.0,1.21846967915e-07,0.0,0.0,0.0,1.21846967915e-07,-0.0981057266,0.0251246373,10.0630154443,9e-08,0.0,0.0,0.0,9e-08,0.0,0.0,0.0,9e-08
1776135948220104704,49,1776135948220104704,base_link,0.011713819084204302,-0.10401296663867386,0.00507191302296578,0.9944940245731856,1.0,0.0,0.0,0.0,1.0,0.0,0.0,0.0,1.0,0.0035124751196385,-0.0419969851261135,0.0010690141668465,1.21846967915e-07,0.0,0.0,0.0,1.21846967915e-07,0.0,0.0,0.0,1.21846967915e-07,-0.0981057266,0.0203389920999999,10.0678010895,9e-08,0.0,0.0,0.0,9e-08,0.0,0.0,0.0,9e-08
1776135948321130496,50,1776135948321130496,base_link,0.011944932695807703,-0.1061201549405843,0.0052176554269731095,0.9942678750568804,1.0,0.0,0.0,0.0,1.0,0.0,0.0,0.0,1.0,0.0042760566673861,-0.0419969851261135,0.0019853120241435,1.21846967915e-07,0.0,0.0,0.0,1.21846967915e-07,0.0,0.0,0.0,1.21846967915e-07,-0.0945164927,0.0179461695,10.0689975008,9e-08,0.0,0.0,0.0,9e-08,0.0,0.0,0.0,9e-08
1776135948423073280,51,1776135948423073280,base_link,0.012199105268327666,-0.10824609326466751,0.005344889108310425,0.9940349074776043,1.0,0.0,0.0,0.0,1.0,0.0,0.0,0.0,1.0,0.0047342055960346,-0.0419969851261135,0.001527163095495,1.21846967915e-07,0.0,0.0,0.0,1.21846967915e-07,0.0,0.0,0.0,1.21846967915e-07,-0.0981057266,0.0167497582,10.0666046782,9e-08,0.0,0.0,0.0,9e-08,0.0,0.0,0.0,9e-08
1776135948524116480,52,1776135948524116480,base_link,0.01243588114232943,-0.11036047369450563,0.005470338599517592,0.9937987674080426,1.0,0.0,0.0,0.0,1.0,0.0,0.0,0.0,1.0,0.0044287729769356,-0.042149701435663,0.001527163095495,1.21846967915e-07,0.0,0.0,0.0,1.21846967915e-07,0.0,0.0,0.0,1.21846967915e-07,-0.0981057266,0.0215354033999999,10.0821580251,9e-08,0.0,0.0,0.0,9e-08,0.0,0.0,0.0,9e-08
1776135948625599488,53,1776135948625599488,base_link,0.012713175565335591,-0.1124677835442801,0.005609100009350452,0.9935582070662831,1.0,0.0,0.0,0.0,1.0,0.0,0.0,0.0,1.0,0.0051923545246831,-0.041844268816564,0.0016798794050445,1.21846967915e-07,0.0,0.0,0.0,1.21846967915e-07,0.0,0.0,0.0,1.21846967915e-07,-0.0777667345,0.0215354033999999,10.0821580251,9e-08,0.0,0.0,0.0,9e-08,0.0,0.0,0.0,9e-08
1776135948726624512,54,1776135948726624512,base_link,0.01293670592365517,-0.11458821555518454,0.00575002552288837,0.9933121964932323,1.0,0.0,0.0,0.0,1.0,0.0,0.0,0.0,1.0,0.0041233403578366,-0.0423024177452125,0.001832595714594,1.21846967915e-07,0.0,0.0,0.0,1.21846967915e-07,0.0,0.0,0.0,1.21846967915e-07,-0.1004985492,0.011964113,10.0785687912,9e-08,0.0,0.0,0.0,9e-08,0.0,0.0,0.0,9e-08
1776135948828213760,55,1776135948828213760,base_link,0.013140349740137669,-0.11669672632302924,0.005904965293024901,0.99306310809489,1.0,0.0,0.0,0.0,1.0,0.0,0.0,0.0,1.0,0.003665191429188,-0.041844268816564,0.002138028333693,1.21846967915e-07,0.0,0.0,0.0,1.21846967915e-07,0.0,0.0,0.0,1.21846967915e-07,-0.0969093152999999,0.0215354033999999,10.061819033,9e-08,0.0,0.0,0.0,9e-08,0.0,0.0,0.0,9e-08
1776135948929754368,56,1776135948929754368,base_link,0.013391877006261448,-0.11877403521869216,0.005952055974257766,0.9928131542328583,1.0,0.0,0.0,0.0,1.0,0.0,0.0,0.0,1.0,0.0048869219055841,-0.041233403578366,-0.0001527163095495,1.21846967915e-07,0.0,0.0,0.0,1.21846967915e-07,0.0,0.0,0.0,1.21846967915e-07,-0.1160518961,0.0586241537,10.1084790737,9e-08,0.0,0.0,0.0,9e-08,0.0,0.0,0.0,9e-08
1776135949030774528,57,1776135949030774528,base_link,0.013600582579483399,-0.12089272423850732,0.006093589113885866,0.9925536970619786,1.0,0.0,0.0,0.0,1.0,0.0,0.0,0.0,1.0,0.0038179077387375,-0.0423024177452125,0.001832595714594,1.21846967915e-07,0.0,0.0,0.0,1.21846967915e-07,0.0,0.0,0.0,1.21846967915e-07,-0.0921236701,-0.0023928226,10.1024970172,9e-08,0.0,0.0,0.0,9e-08,0.0,0.0,0.0,9e-08
1776135949132263168,58,1776135949132263168,base_link,0.013832580138718567,-0.1230128976574284,0.0062315969141761365,0.9922890979631531,1.0,0.0,0.0,0.0,1.0,0.0,0.0,0.0,1.0,0.0042760566673861,-0.042149701435663,0.0016798794050445,1.21846967915e-07,0.0,0.0,0.0,1.21846967915e-07,0.0,0.0,0.0,1.21846967915e-07,-0.0897308475,0.011964113,10.0809616138,9e-08,0.0,0.0,0.0,9e-08,0.0,0.0,0.0,9e-08
1776135949233271552,59,1776135949233271552,base_link,0.01408080265959386,-0.12509150414226058,0.006386627258353659,0.9920247262947386,1.0,0.0,0.0,0.0,1.0,0.0,0.0,0.0,1.0,0.0045814892864851,-0.041538836197465,0.0019853120241435,1.21846967915e-07,0.0,0.0,0.0,1.21846967915e-07,0.0,0.0,0.0,1.21846967915e-07,-0.0921236701,0.023928226,10.0749795573,9e-08,0.0,0.0,0.0,9e-08,0.0,0.0,0.0,9e-08
1776135949334716416,60,1776135949334716416,base_link,0.014326530006596339,-0.12722500503019843,0.006513094336607643,0.9917490248219045,1.0,0.0,0.0,0.0,1.0,0.0,0.0,0.0,1.0,0.0045814892864851,-0.042455134054762,0.0013744467859455,1.21846967915e-07,0.0,0.0,0.0,1.21846967915e-07,0.0,0.0,0.0,1.21846967915e-07,-0.0813559683999999,0.0227318147,10.0833544364,9e-08,0.0,0.0,0.0,9e-08,0.0,0.0,0.0,9e-08
1776135949436134144,61,1776135949436134144,base_link,0.014589561038178293,-0.12932625450893964,0.006657397457869562,0.9914724119522893,1.0,0.0,0.0,0.0,1.0,0.0,0.0,0.0,1.0,0.0048869219055841,-0.041844268816564,0.0016798794050445,1.21846967915e-07,0.0,0.0,0.0,1.21846967915e-07,0.0,0.0,0.0,1.21846967915e-07,-0.0729810893,0.0215354033999999,10.0881400816,9e-08,0.0,0.0,0.0,9e-08,0.0,0.0,0.0,9e-08
1776135949537516032,62,1776135949537516032,base_link,0.01484306286836162,-0.1314647591031421,0.006786774161175325,0.9911864810897716,1.0,0.0,0.0,0.0,1.0,0.0,0.0,0.0,1.0,0.0047342055960346,-0.0426078503643115,0.0013744467859455,1.21846967915e-07,0.0,0.0,0.0,1.21846967915e-07,0.0,0.0,0.0,1.21846967915e-07,-0.071784678,0.0023928226,10.0941221381,9e-08,0.0,0.0,0.0,9e-08,0.0,0.0,0.0,9e-08
1776135949638503936,63,1776135949638503936,base_link,0.015070187049751691,-0.13357100360402663,0.006950365594040149,0.9909002820045052,1.0,0.0,0.0,0.0,1.0,0.0,0.0,0.0,1.0,0.0041233403578366,-0.042149701435663,0.002138028333693,1.21846967915e-07,0.0,0.0,0.0,1.21846967915e-07,0.0,0.0,0.0,1.21846967915e-07,-0.0789631458,0.011964113,10.0881400816,9e-08,0.0,0.0,0.0,9e-08,0.0,0.0,0.0,9e-08
1776135949740259840,64,1776135949740259840,base_link,0.015319260090360285,-0.13570046978145014,0.007096174219692074,0.9906060503968372,1.0,0.0,0.0,0.0,1.0,0.0,0.0,0.0,1.0,0.0045814892864851,-0.0423024177452125,0.0016798794050445,1.21846967915e-07,0.0,0.0,0.0,1.21846967915e-07,0.0,0.0,0.0,1.21846967915e-07,-0.0837487909999999,0.0263210486,10.0797652025,9e-08,0.0,0.0,0.0,9e-08,0.0,0.0,0.0,9e-08
1776135949841427456,65,1776135949841427456,base_link,0.01554952290765869,-0.1377866924229957,0.007224176636072249,0.9903135114701839,1.0,0.0,0.0,0.0,1.0,0.0,0.0,0.0,1.0,0.0042760566673861,-0.0416915525070145,0.0013744467859455,1.21846967915e-07,0.0,0.0,0.0,1.21846967915e-07,0.0,0.0,0.0,1.21846967915e-07,-0.0993021378999999,0.0155533468999999,10.0797652025,9e-08,0.0,0.0,0.0,9e-08,0.0,0.0,0.0,9e-08
1776135949942862592,66,1776135949942862592,base_link,0.015766211495485113,-0.13987007901827708,0.007358740849841434,0.9900169879873806,1.0,0.0,0.0,0.0,1.0,0.0,0.0,0.0,1.0,0.0039706240482871,-0.041538836197465,0.001527163095495,1.21846967915e-07,0.0,0.0,0.0,1.21846967915e-07,0.0,0.0,0.0,1.21846967915e-07,-0.095712904,-0.0023928226,10.090532904199998,9e-08,0.0,0.0,0.0,9e-08,0.0,0.0,0.0,9e-08
1776135950044442880,67,1776135950044442880,base_link,0.016024028513659864,-0.14198595802680786,0.0075155697358325994,0.989710429592893,1.0,0.0,0.0,0.0,1.0,0.0,0.0,0.0,1.0,0.0047342055960346,-0.042149701435663,0.001832595714594,1.21846967915e-07,0.0,0.0,0.0,1.21846967915e-07,0.0,0.0,0.0,1.21846967915e-07,-0.0765703232,0.0191425808,10.0761759686,9e-08,0.0,0.0,0.0,9e-08,0.0,0.0,0.0,9e-08
1776135950145616128,68,1776135950145616128,base_link,0.016287586906727592,-0.14411563120572732,0.007666501242311854,0.9893971013266777,1.0,0.0,0.0,0.0,1.0,0.0,0.0,0.0,1.0,0.0048869219055841,-0.0426078503643115,0.0016798794050445,1.21846967915e-07,0.0,0.0,0.0,1.21846967915e-07,0.0,0.0,0.0,1.21846967915e-07,-0.095712904,0.0251246373,10.0809616138,9e-08,0.0,0.0,0.0,9e-08,0.0,0.0,0.0,9e-08
1776135950247215616,69,1776135950247215616,base_link,0.016510423085395798,-0.14619283516454662,0.007789422411319771,0.9890876532312953,1.0,0.0,0.0,0.0,1.0,0.0,0.0,0.0,1.0,0.0041233403578366,-0.0413861198879155,0.001221730476396,1.21846967915e-07,0.0,0.0,0.0,1.21846967915e-07,0.0,0.0,0.0,1.21846967915e-07,-0.1052841944,0.0227318147,10.0845508477,9e-08,0.0,0.0,0.0,9e-08,0.0,0.0,0.0,9e-08
1776135950348322816,70,1776135950348322816,base_link,0.016752943108721892,-0.14828990141329543,0.007901172877476863,0.9887704564271684,1.0,0.0,0.0,0.0,1.0,0.0,0.0,0.0,1.0,0.0045814892864851,-0.0419969851261135,0.000916297857297,1.21846967915e-07,0.0,0.0,0.0,1.21846967915e-07,0.0,0.0,0.0,1.21846967915e-07,-0.0933200814,0.0251246373,10.0821580251,9e-08,0.0,0.0,0.0,9e-08,0.0,0.0,0.0,9e-08
1776135950449716736,71,1776135950449716736,base_link,0.016994364152536832,-0.15041455850081978,0.008051605635513367,0.9884441429968335,1.0,0.0,0.0,0.0,1.0,0.0,0.0,0.0,1.0,0.0044287729769356,-0.042455134054762,0.0016798794050445,1.21846967915e-07,0.0,0.0,0.0,1.21846967915e-07,0.0,0.0,0.0,1.21846967915e-07,-0.0837487909999999,0.0191425808,10.0917293155,9e-08,0.0,0.0,0.0,9e-08,0.0,0.0,0.0,9e-08
1776135950550803712,72,1776135950550803712,base_link,0.017229869018010744,-0.15251656781196804,0.008216278536532954,0.9881165522970908,1.0,0.0,0.0,0.0,1.0,0.0,0.0,0.0,1.0,0.0042760566673861,-0.042149701435663,0.0019853120241435,1.21846967915e-07,0.0,0.0,0.0,1.21846967915e-07,0.0,0.0,0.0,1.21846967915e-07,-0.0909272588,0.0191425808,10.086943670299998,9e-08,0.0,0.0,0.0,9e-08,0.0,0.0,0.0,9e-08
1776135950652410624,73,1776135950652410624,base_link,0.0174514865584505,-0.15463641866122085,0.008380332852023931,0.9877817540640346,1.0,0.0,0.0,0.0,1.0,0.0,0.0,0.0,1.0,0.0039706240482871,-0.0423024177452125,0.0019853120241435,1.21846967915e-07,0.0,0.0,0.0,1.21846967915e-07,0.0,0.0,0.0,1.21846967915e-07,-0.0933200814,0.0143569356,10.0881400816,9e-08,0.0,0.0,0.0,9e-08,0.0,0.0,0.0,9e-08
1776135950753422592,74,1776135950753422592,base_link,0.017720346557412718,-0.1566974698290556,0.008521433159848584,0.9874508987508996,1.0,0.0,0.0,0.0,1.0,0.0,0.0,0.0,1.0,0.0050396382151336,-0.0413861198879155,0.0013744467859455,1.21846967915e-07,0.0,0.0,0.0,1.21846967915e-07,0.0,0.0,0.0,1.21846967915e-07,-0.0801595571,0.0227318147,10.0678010895,9e-08,0.0,0.0,0.0,9e-08,0.0,0.0,0.0,9e-08
1776135950854771712,75,1776135950854771712,base_link,0.017940631368828355,-0.1588487428015069,0.00867965776243894,0.987101754733318,1.0,0.0,0.0,0.0,1.0,0.0,0.0,0.0,1.0,0.0039706240482871,-0.04306599929296,0.001832595714594,1.21846967915e-07,0.0,0.0,0.0,1.21846967915e-07,0.0,0.0,0.0,1.21846967915e-07,-0.0981057266,0.0155533468999999,10.0821580251,9e-08,0.0,0.0,0.0,9e-08,0.0,0.0,0.0,9e-08
1776135950956032000,76,1776135950956032000,base_link,0.018197675210686996,-0.16095896207581048,0.008836469696454085,0.9867537554768705,1.0,0.0,0.0,0.0,1.0,0.0,0.0,0.0,1.0,0.0047342055960346,-0.0423024177452125,0.0016798794050445,1.21846967915e-07,0.0,0.0,0.0,1.21846967915e-07,0.0,0.0,0.0,1.21846967915e-07,-0.071784678,0.0191425808,10.0773723799,9e-08,0.0,0.0,0.0,9e-08,0.0,0.0,0.0,9e-08
1776135951057469952,77,1776135951057469952,base_link,0.018424742557632462,-0.16307998810950766,0.008989546020050941,0.9863998349565156,1.0,0.0,0.0,0.0,1.0,0.0,0.0,0.0,1.0,0.0041233403578366,-0.042455134054762,0.0016798794050445,1.21846967915e-07,0.0,0.0,0.0,1.21846967915e-07,0.0,0.0,0.0,1.21846967915e-07,-0.0825523797,0.0323031051,10.0845508477,9e-08,0.0,0.0,0.0,9e-08,0.0,0.0,0.0,9e-08
1776135951158602496,78,1776135951158602496,base_link,0.01868680043718225,-0.1652013714332267,0.009134221648011975,0.986040504422048,1.0,0.0,0.0,0.0,1.0,0.0,0.0,0.0,1.0,0.0048869219055841,-0.0426078503643115,0.0013744467859455,1.21846967915e-07,0.0,0.0,0.0,1.21846967915e-07,0.0,0.0,0.0,1.21846967915e-07,-0.1004985492,0.0215354033999999,10.0666046782,9e-08,0.0,0.0,0.0,9e-08,0.0,0.0,0.0,9e-08
1776135951260153344,79,1776135951260153344,base_link,0.01894475012812476,-0.1672769650486439,0.009293534099508345,0.9856840993090225,1.0,0.0,0.0,0.0,1.0,0.0,0.0,0.0,1.0,0.0047342055960346,-0.041538836197465,0.0016798794050445,1.21846967915e-07,0.0,0.0,0.0,1.21846967915e-07,0.0,0.0,0.0,1.21846967915e-07,-0.0789631458,0.023928226,10.0749795573,9e-08,0.0,0.0,0.0,9e-08,0.0,0.0,0.0,9e-08
1776135951361965056,80,1776135951361965056,base_link,0.019205855269984994,-0.16935759677627302,0.00942483216056433,0.9853224406641,1.0,0.0,0.0,0.0,1.0,0.0,0.0,0.0,1.0,0.0048869219055841,-0.041538836197465,0.0010690141668465,1.21846967915e-07,0.0,0.0,0.0,1.21846967915e-07,0.0,0.0,0.0,1.21846967915e-07,-0.0813559683999999,0.0215354033999999,10.0833544364,9e-08,0.0,0.0,0.0,9e-08,0.0,0.0,0.0,9e-08
1776135951462946304,81,1776135951462946304,base_link,0.019465178189695016,-0.1714348228717362,0.009600515064110533,0.9849563637316547,1.0,0.0,0.0,0.0,1.0,0.0,0.0,0.0,1.0,0.0047342055960346,-0.041844268816564,0.0019853120241435,1.21846967915e-07,0.0,0.0,0.0,1.21846967915e-07,0.0,0.0,0.0,1.21846967915e-07,-0.0789631458,0.0191425808,10.064211855599998,9e-08,0.0,0.0,0.0,9e-08,0.0,0.0,0.0,9e-08
1776135951564659456,82,1776135951564659456,base_link,0.019658722059118814,-0.1735582031753932,0.009729881586607796,0.9845793082133312,1.0,0.0,0.0,0.0,1.0,0.0,0.0,0.0,1.0,0.0035124751196385,-0.042455134054762,0.001221730476396,1.21846967915e-07,0.0,0.0,0.0,1.21846967915e-07,0.0,0.0,0.0,1.21846967915e-07,-0.0885344362,0.0215354033999999,10.0713903234,9e-08,0.0,0.0,0.0,9e-08,0.0,0.0,0.0,9e-08
1776135951665762048,83,1776135951665762048,base_link,0.01984342073995528,-0.1756300820153256,0.009857100364366017,0.9842068636811236,1.0,0.0,0.0,0.0,1.0,0.0,0.0,0.0,1.0,0.003359758810089,-0.0416915525070145,0.001221730476396,1.21846967915e-07,0.0,0.0,0.0,1.21846967915e-07,0.0,0.0,0.0,1.21846967915e-07,-0.0897308475,0.0251246373,10.0761759686,9e-08,0.0,0.0,0.0,9e-08,0.0,0.0,0.0,9e-08
1776135951767473664,84,1776135951767473664,base_link,0.020074600171790937,-0.17775221565273883,0.009950209360484113,0.9838201835661675,1.0,0.0,0.0,0.0,1.0,0.0,0.0,0.0,1.0,0.0044287729769356,-0.042455134054762,0.000305432619099,1.21846967915e-07,0.0,0.0,0.0,1.21846967915e-07,0.0,0.0,0.0,1.21846967915e-07,-0.0945164927,0.0191425808,10.0654082669,9e-08,0.0,0.0,0.0,9e-08,0.0,0.0,0.0,9e-08
1776135951868570112,85,1776135951868570112,base_link,0.020295868333255935,-0.17983725193709807,0.010078411898780356,0.9834353390833128,1.0,0.0,0.0,0.0,1.0,0.0,0.0,0.0,1.0,0.0041233403578366,-0.0419969851261135,0.0010690141668465,1.21846967915e-07,0.0,0.0,0.0,1.21846967915e-07,0.0,0.0,0.0,1.21846967915e-07,-0.0741775006,0.0143569356,10.0725867347,9e-08,0.0,0.0,0.0,9e-08,0.0,0.0,0.0,9e-08
1776135951969995520,86,1776135951969995520,base_link,0.02052067189585651,-0.18193550816398615,0.010223184679204933,0.9830431625259745,1.0,0.0,0.0,0.0,1.0,0.0,0.0,0.0,1.0,0.0041233403578366,-0.042149701435663,0.0013744467859455,1.21846967915e-07,0.0,0.0,0.0,1.21846967915e-07,0.0,0.0,0.0,1.21846967915e-07,-0.0849452023,0.0143569356,10.0713903234,9e-08,0.0,0.0,0.0,9e-08,0.0,0.0,0.0,9e-08
1776135952070985728,87,1776135952070985728,base_link,0.02075344782716207,-0.18399333066609055,0.010376542408586521,0.9826535890339619,1.0,0.0,0.0,0.0,1.0,0.0,0.0,0.0,1.0,0.0042760566673861,-0.041538836197465,0.001527163095495,1.21846967915e-07,0.0,0.0,0.0,1.21846967915e-07,0.0,0.0,0.0,1.21846967915e-07,-0.0861416135999999,0.0251246373,10.0749795573,9e-08,0.0,0.0,0.0,9e-08,0.0,0.0,0.0,9e-08
1776135952172452096,88,1776135952172452096,base_link,0.020992036248406662,-0.1860373907535873,0.010517205057525906,0.9822620892885567,1.0,0.0,0.0,0.0,1.0,0.0,0.0,0.0,1.0,0.0044287729769356,-0.0410806872688165,0.001221730476396,1.21846967915e-07,0.0,0.0,0.0,1.21846967915e-07,0.0,0.0,0.0,1.21846967915e-07,-0.0981057266,0.0287138712,10.0761759686,9e-08,0.0,0.0,0.0,9e-08,0.0,0.0,0.0,9e-08
1776135952273444864,89,1776135952273444864,base_link,0.02121258293590806,-0.18807063724120338,0.010683965991524432,0.9818682776236164,1.0,0.0,0.0,0.0,1.0,0.0,0.0,0.0,1.0,0.0039706240482871,-0.0410806872688165,0.001832595714594,1.21846967915e-07,0.0,0.0,0.0,1.21846967915e-07,0.0,0.0,0.0,1.21846967915e-07,-0.0849452023,0.0167497582,10.0773723799,9e-08,0.0,0.0,0.0,9e-08,0.0,0.0,0.0,9e-08
1776135952380092928,90,1776135952380092928,base_link,0.02148592650839647,-0.19024911833544153,0.01083076733066062,0.9814409418878408,1.0,0.0,0.0,0.0,1.0,0.0,0.0,0.0,1.0,0.0048869219055841,-0.0416915525070145,0.0010690141668465,1.21846967915e-07,0.0,0.0,0.0,1.21846967915e-07,0.0,0.0,0.0,1.21846967915e-07,-0.0885344362,0.0167497582,10.0761759686,9e-08,0.0,0.0,0.0,9e-08,0.0,0.0,0.0,9e-08
1776135952482580480,91,1776135952482580480,base_link,0.021714904112254147,-0.19237305758441972,0.010952034655020286,0.9810204496298396,1.0,0.0,0.0,0.0,1.0,0.0,0.0,0.0,1.0,0.0042760566673861,-0.0423024177452125,0.0007635815477475,1.21846967915e-07,0.0,0.0,0.0,1.21846967915e-07,0.0,0.0,0.0,1.21846967915e-07,-0.0837487909999999,0.0191425808,10.0761759686,9e-08,0.0,0.0,0.0,9e-08,0.0,0.0,0.0,9e-08
1776135952584433920,92,1776135952584433920,base_link,0.02191323939731943,-0.19444495802432152,0.011074223108302882,0.9806061032956012,1.0,0.0,0.0,0.0,1.0,0.0,0.0,0.0,1.0,0.003665191429188,-0.041538836197465,0.000916297857297,1.21846967915e-07,0.0,0.0,0.0,1.21846967915e-07,0.0,0.0,0.0,1.21846967915e-07,-0.0897308475,0.023928226,10.0833544364,9e-08,0.0,0.0,0.0,9e-08,0.0,0.0,0.0,9e-08
1776135952685754368,93,1776135952685754368,base_link,0.022154498387217243,-0.19651157617162895,0.011234536680656337,0.9801868004708714,1.0,0.0,0.0,0.0,1.0,0.0,0.0,0.0,1.0,0.0044287729769356,-0.0416915525070145,0.001527163095495,1.21846967915e-07,0.0,0.0,0.0,1.21846967915e-07,0.0,0.0,0.0,1.21846967915e-07,-0.0897308475,0.0155533468999999,10.0761759686,9e-08,0.0,0.0,0.0,9e-08,0.0,0.0,0.0,9e-08
1776135952787442432,94,1776135952787442432,base_link,0.022365999788665374,-0.19854022748489122,0.01135267788732199,0.9797717371043562,1.0,0.0,0.0,0.0,1.0,0.0,0.0,0.0,1.0,0.0039706240482871,-0.0407752546497175,0.0007635815477475,1.21846967915e-07,0.0,0.0,0.0,1.21846967915e-07,0.0,0.0,0.0,1.21846967915e-07,-0.095712904,0.0203389920999999,10.0725867347,9e-08,0.0,0.0,0.0,9e-08,0.0,0.0,0.0,9e-08
1776135952888619776,95,1776135952888619776,base_link,0.022596334789965193,-0.20063277870548307,0.011498275695421268,0.9793383906592288,1.0,0.0,0.0,0.0,1.0,0.0,0.0,0.0,1.0,0.0042760566673861,-0.0423024177452125,0.001221730476396,1.21846967915e-07,0.0,0.0,0.0,1.21846967915e-07,0.0,0.0,0.0,1.21846967915e-07,-0.0885344362,0.0167497582,10.0785687912,9e-08,0.0,0.0,0.0,9e-08,0.0,0.0,0.0,9e-08
1776135952990082048,96,1776135952990082048,base_link,0.022814837909072235,-0.2026777583089775,0.011619687655544369,0.9789107172346301,1.0,0.0,0.0,0.0,1.0,0.0,0.0,0.0,1.0,0.0041233403578366,-0.041233403578366,0.0007635815477475,1.21846967915e-07,0.0,0.0,0.0,1.21846967915e-07,0.0,0.0,0.0,1.21846967915e-07,-0.1004985492,0.0227318147,10.0773723799,9e-08,0.0,0.0,0.0,9e-08,0.0,0.0,0.0,9e-08
1776135953091201280,97,1776135953091201280,base_link,0.023066278086979034,-0.2047360560272491,0.011799549212461563,0.9784742535274008,1.0,0.0,0.0,0.0,1.0,0.0,0.0,0.0,1.0,0.0045814892864851,-0.0416915525070145,0.001832595714594,1.21846967915e-07,0.0,0.0,0.0,1.21846967915e-07,0.0,0.0,0.0,1.21846967915e-07,-0.0885344362,0.0299102825,10.0845508477,9e-08,0.0,0.0,0.0,9e-08,0.0,0.0,0.0,9e-08
1776135953192710144,98,1776135953192710144,base_link,0.02332963794171023,-0.20683116338738303,0.011998320533241128,0.9780248658136008,1.0,0.0,0.0,0.0,1.0,0.0,0.0,0.0,1.0,0.0047342055960346,-0.0423024177452125,0.002138028333693,1.21846967915e-07,0.0,0.0,0.0,1.21846967915e-07,0.0,0.0,0.0,1.21846967915e-07,-0.0993021378999999,0.0083748791,10.0845508477,9e-08,0.0,0.0,0.0,9e-08,0.0,0.0,0.0,9e-08
1776135953294009856,99,1776135953294009856,base_link,0.023540689233754384,-0.2088995252304747,0.012157120420341509,0.9775781445654191,1.0,0.0,0.0,0.0,1.0,0.0,0.0,0.0,1.0,0.0038179077387375,-0.041844268816564,0.001527163095495,1.21846967915e-07,0.0,0.0,0.0,1.21846967915e-07,0.0,0.0,0.0,1.21846967915e-07,-0.0873380249,0.0131605243,10.085747259,9e-08,0.0,0.0,0.0,9e-08,0.0,0.0,0.0,9e-08
1776135953395436288,100,1776135953395436288,base_link,0.023800719525949508,-0.21096853470713686,0.01234173549974589,0.977125112090783,1.0,0.0,0.0,0.0,1.0,0.0,0.0,0.0,1.0,0.0047342055960346,-0.041844268816564,0.001832595714594,1.21846967915e-07,0.0,0.0,0.0,1.21846967915e-07,0.0,0.0,0.0,1.21846967915e-07,-0.0897308475,0.0299102825,10.073783146,9e-08,0.0,0.0,0.0,9e-08,0.0,0.0,0.0,9e-08
1776135953496539392,101,1776135953496539392,base_link,0.024034009034427668,-0.21300796409418918,0.012506119732481143,0.9766747517016187,1.0,0.0,0.0,0.0,1.0,0.0,0.0,0.0,1.0,0.0042760566673861,-0.0413861198879155,0.001527163095495,1.21846967915e-07,0.0,0.0,0.0,1.21846967915e-07,0.0,0.0,0.0,1.21846967915e-07,-0.0993021378999999,0.0179461695,10.0761759686,9e-08,0.0,0.0,0.0,9e-08,0.0,0.0,0.0,9e-08
1776135953598173184,102,1776135953598173184,base_link,0.02428022164735866,-0.21505577672314952,0.012725163179419408,0.9762169604943438,1.0,0.0,0.0,0.0,1.0,0.0,0.0,0.0,1.0,0.0042760566673861,-0.0413861198879155,0.0025961772623415,1.21846967915e-07,0.0,0.0,0.0,1.21846967915e-07,0.0,0.0,0.0,1.21846967915e-07,-0.0945164927,0.0155533468999999,10.0821580251,9e-08,0.0,0.0,0.0,9e-08,0.0,0.0,0.0,9e-08
1776135953699992832,103,1776135953699992832,base_link,0.024490921720751214,-0.2171308732026432,0.012880059376200459,0.9757502153348424,1.0,0.0,0.0,0.0,1.0,0.0,0.0,0.0,1.0,0.0038179077387375,-0.041844268816564,0.0013744467859455,1.21846967915e-07,0.0,0.0,0.0,1.21846967915e-07,0.0,0.0,0.0,1.21846967915e-07,-0.095712904,0.0191425808,10.0809616138,9e-08,0.0,0.0,0.0,9e-08,0.0,0.0,0.0,9e-08
1776135953801107712,104,1776135953801107712,base_link,0.02469938024865186,-0.21918238988545635,0.013062825150374536,0.9752837449576012,1.0,0.0,0.0,0.0,1.0,0.0,0.0,0.0,1.0,0.003665191429188,-0.0416915525070145,0.0019853120241435,1.21846967915e-07,0.0,0.0,0.0,1.21846967915e-07,0.0,0.0,0.0,1.21846967915e-07,-0.0969093152999999,0.0107677016999999,10.0773723799,9e-08,0.0,0.0,0.0,9e-08,0.0,0.0,0.0,9e-08
1776135953902063872,105,1776135953902063872,base_link,0.02493435208051402,-0.22125217173949568,0.01323819705934675,0.9748079322233172,1.0,0.0,0.0,0.0,1.0,0.0,0.0,0.0,1.0,0.0042760566673861,-0.042149701435663,0.0016798794050445,1.21846967915e-07,0.0,0.0,0.0,1.21846967915e-07,0.0,0.0,0.0,1.21846967915e-07,-0.1040877831,0.0215354033999999,10.085747259,9e-08,0.0,0.0,0.0,9e-08,0.0,0.0,0.0,9e-08
1776135954003131392,106,1776135954003131392,base_link,0.0251435076441455,-0.22328626380070696,0.01339348102643546,0.9743365245577444,1.0,0.0,0.0,0.0,1.0,0.0,0.0,0.0,1.0,0.0038179077387375,-0.0413861198879155,0.0013744467859455,1.21846967915e-07,0.0,0.0,0.0,1.21846967915e-07,0.0,0.0,0.0,1.21846967915e-07,-0.1064806057,0.0167497582,10.0773723799,9e-08,0.0,0.0,0.0,9e-08,0.0,0.0,0.0,9e-08
1776135954104272384,107,1776135954104272384,base_link,0.025413015975050128,-0.22533500832507053,0.013563795665898666,0.9738553979361236,1.0,0.0,0.0,0.0,1.0,0.0,0.0,0.0,1.0,0.0050396382151336,-0.0416915525070145,0.0013744467859455,1.21846967915e-07,0.0,0.0,0.0,1.21846967915e-07,0.0,0.0,0.0,1.21846967915e-07,-0.0885344362,0.0227318147,10.085747259,9e-08,0.0,0.0,0.0,9e-08,0.0,0.0,0.0,9e-08
1776135954206077184,108,1776135954206077184,base_link,0.025647617382342246,-0.2273806206268882,0.013763043219776824,0.9733708603236851,1.0,0.0,0.0,0.0,1.0,0.0,0.0,0.0,1.0,0.0041233403578366,-0.0413861198879155,0.002138028333693,1.21846967915e-07,0.0,0.0,0.0,1.21846967915e-07,0.0,0.0,0.0,1.21846967915e-07,-0.107677017,0.0263210486,10.0845508477,9e-08,0.0,0.0,0.0,9e-08,0.0,0.0,0.0,9e-08
1776135954307492608,109,1776135954307492608,base_link,0.02587479131704878,-0.22942635915326562,0.013903893695055607,0.9728826869875383,1.0,0.0,0.0,0.0,1.0,0.0,0.0,0.0,1.0,0.0042760566673861,-0.041538836197465,0.000916297857297,1.21846967915e-07,0.0,0.0,0.0,1.21846967915e-07,0.0,0.0,0.0,1.21846967915e-07,-0.1064806057,0.0263210486,10.0797652025,9e-08,0.0,0.0,0.0,9e-08,0.0,0.0,0.0,9e-08
1776135954408542720,110,1776135954408542720,base_link,0.02611172777636095,-0.23146245755975817,0.01409003139525115,0.9723912686918837,1.0,0.0,0.0,0.0,1.0,0.0,0.0,0.0,1.0,0.0042760566673861,-0.041538836197465,0.001832595714594,1.21846967915e-07,0.0,0.0,0.0,1.21846967915e-07,0.0,0.0,0.0,1.21846967915e-07,-0.1016949604999999,0.0167497582,10.0773723799,9e-08,0.0,0.0,0.0,9e-08,0.0,0.0,0.0,9e-08
1776135954509583616,111,1776135954509583616,base_link,0.02631124119966608,-0.23351283033020956,0.014268216136935269,0.9718929440354928,1.0,0.0,0.0,0.0,1.0,0.0,0.0,0.0,1.0,0.0035124751196385,-0.041844268816564,0.001832595714594,1.21846967915e-07,0.0,0.0,0.0,1.21846967915e-07,0.0,0.0,0.0,1.21846967915e-07,-0.1148554848,0.0179461695,10.0773723799,9e-08,0.0,0.0,0.0,9e-08,0.0,0.0,0.0,9e-08
1776135954610562304,112,1776135954610562304,base_link,0.026516370872817347,-0.23555343628653808,0.014441016410399502,0.9713922574194082,1.0,0.0,0.0,0.0,1.0,0.0,0.0,0.0,1.0,0.003665191429188,-0.0416915525070145,0.0016798794050445,1.21846967915e-07,0.0,0.0,0.0,1.21846967915e-07,0.0,0.0,0.0,1.21846967915e-07,-0.1028913717999999,0.011964113,10.0785687912,9e-08,0.0,0.0,0.0,9e-08,0.0,0.0,0.0,9e-08
1776135954711638272,113,1776135954711638272,base_link,0.0267105814399162,-0.2375954291895121,0.014597770899570418,0.970887152017245,1.0,0.0,0.0,0.0,1.0,0.0,0.0,0.0,1.0,0.0035124751196385,-0.0416915525070145,0.0013744467859455,1.21846967915e-07,0.0,0.0,0.0,1.21846967915e-07,0.0,0.0,0.0,1.21846967915e-07,-0.1064806057,0.0191425808,10.0809616138,9e-08,0.0,0.0,0.0,9e-08,0.0,0.0,0.0,9e-08
1776135954812667136,114,1776135954812667136,base_link,0.026941914868643512,-0.23962587850528314,0.01482030088998279,0.9703782408191727,1.0,0.0,0.0,0.0,1.0,0.0,0.0,0.0,1.0,0.0039706240482871,-0.041538836197465,0.0025961772623415,1.21846967915e-07,0.0,0.0,0.0,1.21846967915e-07,0.0,0.0,0.0,1.21846967915e-07,-0.0993021378999999,0.0095712904,10.073783146,9e-08,0.0,0.0,0.0,9e-08,0.0,0.0,0.0,9e-08
1776135954914242560,115,1776135954914242560,base_link,0.027193594150345633,-0.24168200119497568,0.015007373744467149,0.9698582873125703,1.0,0.0,0.0,0.0,1.0,0.0,0.0,0.0,1.0,0.0045814892864851,-0.041844268816564,0.0016798794050445,1.21846967915e-07,0.0,0.0,0.0,1.21846967915e-07,0.0,0.0,0.0,1.21846967915e-07,-0.095712904,0.0227318147,10.0821580251,9e-08,0.0,0.0,0.0,9e-08,0.0,0.0,0.0,9e-08
1776135955015324160,116,1776135955015324160,base_link,0.027427150202569035,-0.24372814981490432,0.015155043668963015,0.9693372297972265,1.0,0.0,0.0,0.0,1.0,0.0,0.0,0.0,1.0,0.0044287729769356,-0.041844268816564,0.000916297857297,1.21846967915e-07,0.0,0.0,0.0,1.21846967915e-07,0.0,0.0,0.0,1.21846967915e-07,-0.0969093152999999,0.0107677016999999,10.0749795573,9e-08,0.0,0.0,0.0,9e-08,0.0,0.0,0.0,9e-08
1776135955117046272,117,1776135955117046272,base_link,0.027675402460513053,-0.24579213673818473,0.015357313594422798,0.9688056825470671,1.0,0.0,0.0,0.0,1.0,0.0,0.0,0.0,1.0,0.0044287729769356,-0.0419969851261135,0.0019853120241435,1.21846967915e-07,0.0,0.0,0.0,1.21846967915e-07,0.0,0.0,0.0,1.21846967915e-07,-0.095712904,0.0191425808,10.086943670299998,9e-08,0.0,0.0,0.0,9e-08,0.0,0.0,0.0,9e-08
1776135955218238720,118,1776135955218238720,base_link,0.027897930033860697,-0.24786794159052894,0.015518579195805533,0.9682677123250798,1.0,0.0,0.0,0.0,1.0,0.0,0.0,0.0,1.0,0.0041233403578366,-0.042455134054762,0.001221730476396,1.21846967915e-07,0.0,0.0,0.0,1.21846967915e-07,0.0,0.0,0.0,1.21846967915e-07,-0.1016949604999999,0.0143569356,10.085747259,9e-08,0.0,0.0,0.0,9e-08,0.0,0.0,0.0,9e-08
1776135955319946240,119,1776135955319946240,base_link,0.028095240156391876,-0.24992308395824592,0.015687938558906045,0.9677308500658259,1.0,0.0,0.0,0.0,1.0,0.0,0.0,0.0,1.0,0.0035124751196385,-0.041844268816564,0.001527163095495,1.21846967915e-07,0.0,0.0,0.0,1.21846967915e-07,0.0,0.0,0.0,1.21846967915e-07,-0.0909272588,0.0107677016999999,10.0845508477,9e-08,0.0,0.0,0.0,9e-08,0.0,0.0,0.0,9e-08
1776135955421617152,120,1776135955421617152,base_link,0.02829797853550197,-0.25195387075683,0.015851716313514917,0.9671955306510522,1.0,0.0,0.0,0.0,1.0,0.0,0.0,0.0,1.0,0.003665191429188,-0.0413861198879155,0.0013744467859455,1.21846967915e-07,0.0,0.0,0.0,1.21846967915e-07,0.0,0.0,0.0,1.21846967915e-07,-0.1004985492,0.0191425808,10.0845508477,9e-08,0.0,0.0,0.0,9e-08,0.0,0.0,0.0,9e-08
1776135955522737920,121,1776135955522737920,base_link,0.0285145252269697,-0.2539797239477112,0.016019320368927326,0.9666564038216694,1.0,0.0,0.0,0.0,1.0,0.0,0.0,0.0,1.0,0.0039706240482871,-0.041538836197465,0.0013744467859455,1.21846967915e-07,0.0,0.0,0.0,1.21846967915e-07,0.0,0.0,0.0,1.21846967915e-07,-0.0945164927,0.0227318147,10.085747259,9e-08,0.0,0.0,0.0,9e-08,0.0,0.0,0.0,9e-08
1776135955624115200,122,1776135955624115200,base_link,0.028739074513519168,-0.2560243667676036,0.01619037198243969,0.9661073755398124,1.0,0.0,0.0,0.0,1.0,0.0,0.0,0.0,1.0,0.0041233403578366,-0.041844268816564,0.0013744467859455,1.21846967915e-07,0.0,0.0,0.0,1.21846967915e-07,0.0,0.0,0.0,1.21846967915e-07,-0.1004985492,0.0167497582,10.0881400816,9e-08,0.0,0.0,0.0,9e-08,0.0,0.0,0.0,9e-08
1776135955725356288,123,1776135955725356288,base_link,0.028989734375862372,-0.2581090162814947,0.01638392646460604,0.9655417639691297,1.0,0.0,0.0,0.0,1.0,0.0,0.0,0.0,1.0,0.0045814892864851,-0.042760566673861,0.0016798794050445,1.21846967915e-07,0.0,0.0,0.0,1.21846967915e-07,0.0,0.0,0.0,1.21846967915e-07,-0.0933200814,0.0107677016999999,10.0929257268,9e-08,0.0,0.0,0.0,9e-08,0.0,0.0,0.0,9e-08
1776135955826874368,124,1776135955826874368,base_link,0.029239489189409107,-0.260145151443072,0.01659792084545006,0.9649839695436457,1.0,0.0,0.0,0.0,1.0,0.0,0.0,0.0,1.0,0.0044287729769356,-0.0416915525070145,0.002138028333693,1.21846967915e-07,0.0,0.0,0.0,1.21846967915e-07,0.0,0.0,0.0,1.21846967915e-07,-0.1004985492,0.0131605243,10.0893364929,9e-08,0.0,0.0,0.0,9e-08,0.0,0.0,0.0,9e-08
1776135955927962368,125,1776135955927962368,base_link,0.02946598258680239,-0.2622015959849355,0.016806406027292727,0.9644167271722287,1.0,0.0,0.0,0.0,1.0,0.0,0.0,0.0,1.0,0.0039706240482871,-0.0423024177452125,0.002138028333693,1.21846967915e-07,0.0,0.0,0.0,1.21846967915e-07,0.0,0.0,0.0,1.21846967915e-07,-0.0849452023,0.0143569356,10.0821580251,9e-08,0.0,0.0,0.0,9e-08,0.0,0.0,0.0,9e-08
1776135956029667072,126,1776135956029667072,base_link,0.029702754317320765,-0.264269718226274,0.016998444556340257,0.963841436802359,1.0,0.0,0.0,0.0,1.0,0.0,0.0,0.0,1.0,0.0042760566673861,-0.0423024177452125,0.0016798794050445,1.21846967915e-07,0.0,0.0,0.0,1.21846967915e-07,0.0,0.0,0.0,1.21846967915e-07,-0.1028913717999999,0.0155533468999999,10.0989077833,9e-08,0.0,0.0,0.0,9e-08,0.0,0.0,0.0,9e-08
1776135956130670080,127,1776135956130670080,base_link,0.02995554228366996,-0.26631357118112997,0.017228884250543874,0.9632667921395016,1.0,0.0,0.0,0.0,1.0,0.0,0.0,0.0,1.0,0.0044287729769356,-0.042149701435663,0.002443460952792,1.21846967915e-07,0.0,0.0,0.0,1.21846967915e-07,0.0,0.0,0.0,1.21846967915e-07,-0.0765703232,0.0131605243,10.086943670299998,9e-08,0.0,0.0,0.0,9e-08,0.0,0.0,0.0,9e-08
1776135956232299776,128,1776135956232299776,base_link,0.030159320452733448,-0.2683791489492251,0.01737861139208419,0.962684284521775,1.0,0.0,0.0,0.0,1.0,0.0,0.0,0.0,1.0,0.0038179077387375,-0.0423024177452125,0.000916297857297,1.21846967915e-07,0.0,0.0,0.0,1.21846967915e-07,0.0,0.0,0.0,1.21846967915e-07,-0.0921236701,0.0095712904,10.0821580251,9e-08,0.0,0.0,0.0,9e-08,0.0,0.0,0.0,9e-08
1776135956333536000,129,1776135956333536000,base_link,0.030406441810206575,-0.27039606520359,0.017587883124889292,0.962108144953593,1.0,0.0,0.0,0.0,1.0,0.0,0.0,0.0,1.0,0.0044287729769356,-0.041538836197465,0.0019853120241435,1.21846967915e-07,0.0,0.0,0.0,1.21846967915e-07,0.0,0.0,0.0,1.21846967915e-07,-0.0873380249,0.0275174599,10.0881400816,9e-08,0.0,0.0,0.0,9e-08,0.0,0.0,0.0,9e-08
1776135956434930432,130,1776135956434930432,base_link,0.030615703542283903,-0.27239401524770346,0.0177594009761877,0.9615345978334903,1.0,0.0,0.0,0.0,1.0,0.0,0.0,0.0,1.0,0.0038179077387375,-0.0410806872688165,0.0013744467859455,1.21846967915e-07,0.0,0.0,0.0,1.21846967915e-07,0.0,0.0,0.0,1.21846967915e-07,-0.0981057266,0.0107677016999999,10.0785687912,9e-08,0.0,0.0,0.0,9e-08,0.0,0.0,0.0,9e-08
1776135956536175616,131,1776135956536175616,base_link,0.030874561755248057,-0.2744376789459912,0.017987825795801313,0.9609407681716382,1.0,0.0,0.0,0.0,1.0,0.0,0.0,0.0,1.0,0.0045814892864851,-0.042149701435663,0.0022907446432425,1.21846967915e-07,0.0,0.0,0.0,1.21846967915e-07,0.0,0.0,0.0,1.21846967915e-07,-0.0861416135999999,0.0203389920999999,10.0833544364,9e-08,0.0,0.0,0.0,9e-08,0.0,0.0,0.0,9e-08
1776135956637733120,132,1776135956637733120,base_link,0.031101186228471717,-0.27647302331183515,0.01817362767006368,0.9603463452595137,1.0,0.0,0.0,0.0,1.0,0.0,0.0,0.0,1.0,0.0041233403578366,-0.041844268816564,0.001527163095495,1.21846967915e-07,0.0,0.0,0.0,1.21846967915e-07,0.0,0.0,0.0,1.21846967915e-07,-0.0897308475,0.0155533468999999,10.0881400816,9e-08,0.0,0.0,0.0,9e-08,0.0,0.0,0.0,9e-08
1776135956739413504,133,1776135956739413504,base_link,0.03135472064234922,-0.2785235009843815,0.018382120594475825,0.9597414435853512,1.0,0.0,0.0,0.0,1.0,0.0,0.0,0.0,1.0,0.0045814892864851,-0.042149701435663,0.001832595714594,1.21846967915e-07,0.0,0.0,0.0,1.21846967915e-07,0.0,0.0,0.0,1.21846967915e-07,-0.0849452023,0.0203389920999999,10.0797652025,9e-08,0.0,0.0,0.0,9e-08,0.0,0.0,0.0,9e-08
1776135956840798976,134,1776135956840798976,base_link,0.03158083029498413,-0.2805527450476358,0.018569002686240114,0.9591391976889245,1.0,0.0,0.0,0.0,1.0,0.0,0.0,0.0,1.0,0.0041233403578366,-0.041844268816564,0.001527163095495,1.21846967915e-07,0.0,0.0,0.0,1.21846967915e-07,0.0,0.0,0.0,1.21846967915e-07,-0.0813559683999999,0.0394815729,10.0809616138,9e-08,0.0,0.0,0.0,9e-08,0.0,0.0,0.0,9e-08
1776135956942320384,135,1776135956942320384,base_link,0.03178846506967196,-0.2826198800623942,0.018786195749109072,0.9585210356227495,1.0,0.0,0.0,0.0,1.0,0.0,0.0,0.0,1.0,0.0035124751196385,-0.0426078503643115,0.0022907446432425,1.21846967915e-07,0.0,0.0,0.0,1.21846967915e-07,0.0,0.0,0.0,1.21846967915e-07,-0.0753739119,0.0059820565,10.097711372,9e-08,0.0,0.0,0.0,9e-08,0.0,0.0,0.0,9e-08
1776135957043632896,136,1776135957043632896,base_link,0.03210026608170889,-0.2846428551935736,0.019013248636634294,0.9579073620559638,1.0,0.0,0.0,0.0,1.0,0.0,0.0,0.0,1.0,0.0058032197628811,-0.041844268816564,0.001832595714594,1.21846967915e-07,0.0,0.0,0.0,1.21846967915e-07,0.0,0.0,0.0,1.21846967915e-07,-0.0813559683999999,0.0514456858999999,10.0701939121,9e-08,0.0,0.0,0.0,9e-08,0.0,0.0,0.0,9e-08
1776135957145045504,137,1776135957145045504,base_link,0.032329870991216404,-0.28662298060086183,0.019235910209069368,0.9573045629221651,1.0,0.0,0.0,0.0,1.0,0.0,0.0,0.0,1.0,0.0039706240482871,-0.040927970959267,0.0022907446432425,1.21846967915e-07,0.0,0.0,0.0,1.21846967915e-07,0.0,0.0,0.0,1.21846967915e-07,-0.0813559683999999,0.0035892339,10.0941221381,9e-08,0.0,0.0,0.0,9e-08,0.0,0.0,0.0,9e-08
1776135957246120192,138,1776135957246120192,base_link,0.03257884610994723,-0.28866885079795607,0.019459722680175637,0.9566766604022189,1.0,0.0,0.0,0.0,1.0,0.0,0.0,0.0,1.0,0.0044287729769356,-0.042455134054762,0.002138028333693,1.21846967915e-07,0.0,0.0,0.0,1.21846967915e-07,0.0,0.0,0.0,1.21846967915e-07,-0.0993021378999999,0.011964113,10.0809616138,9e-08,0.0,0.0,0.0,9e-08,0.0,0.0,0.0,9e-08
1776135957347933184,139,1776135957347933184,base_link,0.03279538964049383,-0.2907219200939448,0.019661759997592072,0.95604322223894,1.0,0.0,0.0,0.0,1.0,0.0,0.0,0.0,1.0,0.0038179077387375,-0.0423024177452125,0.001832595714594,1.21846967915e-07,0.0,0.0,0.0,1.21846967915e-07,0.0,0.0,0.0,1.21846967915e-07,-0.0801595571,0.0227318147,10.0881400816,9e-08,0.0,0.0,0.0,9e-08,0.0,0.0,0.0,9e-08
1776135957448937472,140,1776135957448937472,base_link,0.032990870618674596,-0.2927138684769322,0.019842300190546357,0.9554247624906104,1.0,0.0,0.0,0.0,1.0,0.0,0.0,0.0,1.0,0.0035124751196385,-0.0413861198879155,0.001527163095495,1.21846967915e-07,0.0,0.0,0.0,1.21846967915e-07,0.0,0.0,0.0,1.21846967915e-07,-0.0801595571,0.0167497582,10.0821580251,9e-08,0.0,0.0,0.0,9e-08,0.0,0.0,0.0,9e-08
1776135957550604800,141,1776135957550604800,base_link,0.0332218287106283,-0.29473123851641275,0.020048945031654386,0.954792043820444,1.0,0.0,0.0,0.0,1.0,0.0,0.0,0.0,1.0,0.0041233403578366,-0.0416915525070145,0.001832595714594,1.21846967915e-07,0.0,0.0,0.0,1.21846967915e-07,0.0,0.0,0.0,1.21846967915e-07,-0.0933200814,-0.0023928226,10.0701939121,9e-08,0.0,0.0,0.0,9e-08,0.0,0.0,0.0,9e-08
1776135957651616000,142,1776135957651616000,base_link,0.033451693832387615,-0.29669800933994633,0.02023407043840579,0.9541707697403808,1.0,0.0,0.0,0.0,1.0,0.0,0.0,0.0,1.0,0.0042760566673861,-0.040927970959267,0.0013744467859455,1.21846967915e-07,0.0,0.0,0.0,1.21846967915e-07,0.0,0.0,0.0,1.21846967915e-07,-0.0969093152999999,0.0203389920999999,10.0749795573,9e-08,0.0,0.0,0.0,9e-08,0.0,0.0,0.0,9e-08
1776135957753240576,143,1776135957753240576,base_link,0.03371986986571652,-0.2987115935727218,0.020433635662337392,0.953528615603697,1.0,0.0,0.0,0.0,1.0,0.0,0.0,0.0,1.0,0.0050396382151336,-0.0416915525070145,0.0013744467859455,1.21846967915e-07,0.0,0.0,0.0,1.21846967915e-07,0.0,0.0,0.0,1.21846967915e-07,-0.0825523797,0.0382851616,10.0809616138,9e-08,0.0,0.0,0.0,9e-08,0.0,0.0,0.0,9e-08
1776135957854690304,144,1776135957854690304,base_link,0.033930686200247216,-0.30073607057141777,0.020622870097433764,0.95288048653553,1.0,0.0,0.0,0.0,1.0,0.0,0.0,0.0,1.0,0.0038179077387375,-0.0419969851261135,0.001527163095495,1.21846967915e-07,0.0,0.0,0.0,1.21846967915e-07,0.0,0.0,0.0,1.21846967915e-07,-0.0837487909999999,0.0227318147,10.0833544364,9e-08,0.0,0.0,0.0,9e-08,0.0,0.0,0.0,9e-08
1776135957955820288,145,1776135957955820288,base_link,0.03418485750536129,-0.30274442543857244,0.020825914516504167,0.9522307964289739,1.0,0.0,0.0,0.0,1.0,0.0,0.0,0.0,1.0,0.0047342055960346,-0.041844268816564,0.001527163095495,1.21846967915e-07,0.0,0.0,0.0,1.21846967915e-07,0.0,0.0,0.0,1.21846967915e-07,-0.0993021378999999,0.0179461695,10.0881400816,9e-08,0.0,0.0,0.0,9e-08,0.0,0.0,0.0,9e-08
1776135958057577216,146,1776135958057577216,base_link,0.03440849821974906,-0.3047573023865455,0.02101391680254863,0.95157630129851,1.0,0.0,0.0,0.0,1.0,0.0,0.0,0.0,1.0,0.0041233403578366,-0.0416915525070145,0.0013744467859455,1.21846967915e-07,0.0,0.0,0.0,1.21846967915e-07,0.0,0.0,0.0,1.21846967915e-07,-0.11964113,0.0442672181,10.0845508477,9e-08,0.0,0.0,0.0,9e-08,0.0,0.0,0.0,9e-08
1776135958158604800,147,1776135958158604800,base_link,0.034569576006080384,-0.30675654515703815,0.0211553172843068,0.9509247178240127,1.0,0.0,0.0,0.0,1.0,0.0,0.0,0.0,1.0,0.00305432619099,-0.0416915525070145,0.0007635815477475,1.21846967915e-07,0.0,0.0,0.0,1.21846967915e-07,0.0,0.0,0.0,1.21846967915e-07,-0.1615155254999999,-0.0059820565,10.0749795573,9e-08,0.0,0.0,0.0,9e-08,0.0,0.0,0.0,9e-08
1776135958260102656,148,1776135958260102656,base_link,0.0348123526796427,-0.30871831227429514,0.02130319280682761,0.9502774740798889,1.0,0.0,0.0,0.0,1.0,0.0,0.0,0.0,1.0,0.0048869219055841,-0.0407752546497175,0.000305432619099,1.21846967915e-07,0.0,0.0,0.0,1.21846967915e-07,0.0,0.0,0.0,1.21846967915e-07,-0.1375872994999999,0.0454636294,10.0797652025,9e-08,0.0,0.0,0.0,9e-08,0.0,0.0,0.0,9e-08
1776135958361373696,149,1776135958361373696,base_link,0.034939160583471095,-0.3107501533421387,0.021422638115919993,0.9496076388865635,1.0,0.0,0.0,0.0,1.0,0.0,0.0,0.0,1.0,0.002443460952792,-0.0423024177452125,0.0004581489286485,1.21846967915e-07,0.0,0.0,0.0,1.21846967915e-07,0.0,0.0,0.0,1.21846967915e-07,-0.0897308475,0.0251246373,10.0929257268,9e-08,0.0,0.0,0.0,9e-08,0.0,0.0,0.0,9e-08
1776135958462897152,150,1776135958462897152,base_link,0.0351834583312725,-0.3127294699117459,0.02163897784529098,0.948943706205158,1.0,0.0,0.0,0.0,1.0,0.0,0.0,0.0,1.0,0.0044287729769356,-0.041233403578366,0.001832595714594,1.21846967915e-07,0.0,0.0,0.0,1.21846967915e-07,0.0,0.0,0.0,1.21846967915e-07,-0.0681954441,0.011964113,10.0917293155,9e-08,0.0,0.0,0.0,9e-08,0.0,0.0,0.0,9e-08
1776135958564350464,151,1776135958564350464,base_link,0.03542505445585308,-0.3146915450024159,0.02184806284581767,0.9482810549466215,1.0,0.0,0.0,0.0,1.0,0.0,0.0,0.0,1.0,0.0044287729769356,-0.040927970959267,0.0016798794050445,1.21846967915e-07,0.0,0.0,0.0,1.21846967915e-07,0.0,0.0,0.0,1.21846967915e-07,-0.0921236701,0.0227318147,10.0845508477,9e-08,0.0,0.0,0.0,9e-08,0.0,0.0,0.0,9e-08
1776135958665981696,152,1776135958665981696,base_link,0.03569882873531316,-0.316700116050167,0.02203747623276959,0.9475974777098279,1.0,0.0,0.0,0.0,1.0,0.0,0.0,0.0,1.0,0.0053450708342326,-0.041844268816564,0.000916297857297,1.21846967915e-07,0.0,0.0,0.0,1.21846967915e-07,0.0,0.0,0.0,1.21846967915e-07,-0.1040877831,0.0382851616,10.0797652025,9e-08,0.0,0.0,0.0,9e-08,0.0,0.0,0.0,9e-08
1776135958767255296,153,1776135958767255296,base_link,0.035915176710008476,-0.3186938821254276,0.022214535527961623,0.9469164820558305,1.0,0.0,0.0,0.0,1.0,0.0,0.0,0.0,1.0,0.0041233403578366,-0.0416915525070145,0.0010690141668465,1.21846967915e-07,0.0,0.0,0.0,1.21846967915e-07,0.0,0.0,0.0,1.21846967915e-07,-0.1100698396,0.0155533468999999,10.097711372,9e-08,0.0,0.0,0.0,9e-08,0.0,0.0,0.0,9e-08
1776135958873797376,154,1776135958873797376,base_link,0.03612204260654291,-0.320774624018579,0.022400926881115793,0.9462013723825056,1.0,0.0,0.0,0.0,1.0,0.0,0.0,0.0,1.0,0.003665191429188,-0.0413861198879155,0.001221730476396,1.21846967915e-07,0.0,0.0,0.0,1.21846967915e-07,0.0,0.0,0.0,1.21846967915e-07,-0.0921236701,0.0047856452,10.0893364929,9e-08,0.0,0.0,0.0,9e-08,0.0,0.0,0.0,9e-08
1776135958976841728,155,1776135958976841728,base_link,0.03635169070142902,-0.3227624758996527,0.022591267646559724,0.94551180498204,1.0,0.0,0.0,0.0,1.0,0.0,0.0,0.0,1.0,0.0042760566673861,-0.040927970959267,0.001221730476396,1.21846967915e-07,0.0,0.0,0.0,1.21846967915e-07,0.0,0.0,0.0,1.21846967915e-07,-0.095712904,0.0,10.090532904199998,9e-08,0.0,0.0,0.0,9e-08,0.0,0.0,0.0,9e-08
1776135959078545152,156,1776135959078545152,base_link,0.03652977647702187,-0.3247666329160504,0.022809804725517788,0.9448131679772959,1.0,0.0,0.0,0.0,1.0,0.0,0.0,0.0,1.0,0.0029016098814405,-0.041844268816564,0.0022907446432425,1.21846967915e-07,0.0,0.0,0.0,1.21846967915e-07,0.0,0.0,0.0,1.21846967915e-07,-0.0969093152999999,0.0191425808,10.1024970172,9e-08,0.0,0.0,0.0,9e-08,0.0,0.0,0.0,9e-08
1776135959179802880,157,1776135959179802880,base_link,0.036767538891832936,-0.32675281068434825,0.023016251624120285,0.9441138707565372,1.0,0.0,0.0,0.0,1.0,0.0,0.0,0.0,1.0,0.0044287729769356,-0.0416915525070145,0.001527163095495,1.21846967915e-07,0.0,0.0,0.0,1.21846967915e-07,0.0,0.0,0.0,1.21846967915e-07,-0.0945164927,0.0311066937999999,10.0845508477,9e-08,0.0,0.0,0.0,9e-08,0.0,0.0,0.0,9e-08
1776135959281567488,158,1776135959281567488,base_link,0.03699899673460669,-0.3287622457067743,0.023222313561675673,0.943401920811758,1.0,0.0,0.0,0.0,1.0,0.0,0.0,0.0,1.0,0.0042760566673861,-0.0419969851261135,0.001527163095495,1.21846967915e-07,0.0,0.0,0.0,1.21846967915e-07,0.0,0.0,0.0,1.21846967915e-07,-0.0909272588,0.0263210486,10.086943670299998,9e-08,0.0,0.0,0.0,9e-08,0.0,0.0,0.0,9e-08
1776135959382770176,159,1776135959382770176,base_link,0.037231185834473685,-0.33075941438813,0.02341587810081545,0.9426896335739289,1.0,0.0,0.0,0.0,1.0,0.0,0.0,0.0,1.0,0.0044287729769356,-0.0419969851261135,0.001221730476396,1.21846967915e-07,0.0,0.0,0.0,1.21846967915e-07,0.0,0.0,0.0,1.21846967915e-07,-0.0993021378999999,0.0167497582,10.0785687912,9e-08,0.0,0.0,0.0,9e-08,0.0,0.0,0.0,9e-08
1776135959484481024,160,1776135959484481024,base_link,0.037456983021891516,-0.3327578928944539,0.023608311981441615,0.9419722961662554,1.0,0.0,0.0,0.0,1.0,0.0,0.0,0.0,1.0,0.0042760566673861,-0.041844268816564,0.001221730476396,1.21846967915e-07,0.0,0.0,0.0,1.21846967915e-07,0.0,0.0,0.0,1.21846967915e-07,-0.0993021378999999,0.035892339,10.109675485,9e-08,0.0,0.0,0.0,9e-08,0.0,0.0,0.0,9e-08
1776135959585688320,161,1776135959585688320,base_link,0.03772249087802857,-0.3346931612095739,0.023807127008074816,0.941270801748955,1.0,0.0,0.0,0.0,1.0,0.0,0.0,0.0,1.0,0.0051923545246831,-0.0407752546497175,0.0010690141668465,1.21846967915e-07,0.0,0.0,0.0,1.21846967915e-07,0.0,0.0,0.0,1.21846967915e-07,-0.1016949604999999,0.0442672181,10.0522477426,9e-08,0.0,0.0,0.0,9e-08,0.0,0.0,0.0,9e-08
1776135959687220480,162,1776135959687220480,base_link,0.037926048925628814,-0.3366629949234903,0.024011406759247025,0.9405546741192021,1.0,0.0,0.0,0.0,1.0,0.0,0.0,0.0,1.0,0.003665191429188,-0.0413861198879155,0.0016798794050445,1.21846967915e-07,0.0,0.0,0.0,1.21846967915e-07,0.0,0.0,0.0,1.21846967915e-07,-0.0646062102,0.0251246373,10.0797652025,9e-08,0.0,0.0,0.0,9e-08,0.0,0.0,0.0,9e-08
1776135959788604416,163,1776135959788604416,base_link,0.038117281805834645,-0.3386357552635524,0.024218153640170062,0.9398331655773162,1.0,0.0,0.0,0.0,1.0,0.0,0.0,0.0,1.0,0.003359758810089,-0.041538836197465,0.001832595714594,1.21846967915e-07,0.0,0.0,0.0,1.21846967915e-07,0.0,0.0,0.0,1.21846967915e-07,-0.0681954441,0.0095712904,10.085747259,9e-08,0.0,0.0,0.0,9e-08,0.0,0.0,0.0,9e-08
1776135959890188800,164,1776135959890188800,base_link,0.03836320075421286,-0.34059646617527606,0.024400713262501504,0.9391096406964882,1.0,0.0,0.0,0.0,1.0,0.0,0.0,0.0,1.0,0.0048869219055841,-0.041233403578366,0.0007635815477475,1.21846967915e-07,0.0,0.0,0.0,1.21846967915e-07,0.0,0.0,0.0,1.21846967915e-07,-0.0981057266,0.0394815729,10.0701939121,9e-08,0.0,0.0,0.0,9e-08,0.0,0.0,0.0,9e-08
1776135959991797504,165,1776135959991797504,base_link,0.038585690809348774,-0.3425555384887298,0.024607242879823747,0.9383822947569476,1.0,0.0,0.0,0.0,1.0,0.0,0.0,0.0,1.0,0.0041233403578366,-0.041233403578366,0.001527163095495,1.21846967915e-07,0.0,0.0,0.0,1.21846967915e-07,0.0,0.0,0.0,1.21846967915e-07,-0.0861416135999999,0.0179461695,10.0809616138,9e-08,0.0,0.0,0.0,9e-08,0.0,0.0,0.0,9e-08
1776135960093470720,166,1776135960093470720,base_link,0.038835328360652496,-0.34454222535187956,0.024838016413448648,0.9376382805545751,1.0,0.0,0.0,0.0,1.0,0.0,0.0,0.0,1.0,0.0045814892864851,-0.041844268816564,0.001832595714594,1.21846967915e-07,0.0,0.0,0.0,1.21846967915e-07,0.0,0.0,0.0,1.21846967915e-07,-0.1004985492,0.0095712904,10.0893364929,9e-08,0.0,0.0,0.0,9e-08,0.0,0.0,0.0,9e-08
1776135960195279616,167,1776135960195279616,base_link,0.03907250143019452,-0.34648699070461425,0.025051116220526328,0.936905836506825,1.0,0.0,0.0,0.0,1.0,0.0,0.0,0.0,1.0,0.0044287729769356,-0.040927970959267,0.001527163095495,1.21846967915e-07,0.0,0.0,0.0,1.21846967915e-07,0.0,0.0,0.0,1.21846967915e-07,-0.0969093152999999,0.0311066937999999,10.0725867347,9e-08,0.0,0.0,0.0,9e-08,0.0,0.0,0.0,9e-08
1776135960296717824,168,1776135960296717824,base_link,0.03929493327433138,-0.34846630441450516,0.0252791497368436,0.9361560273241024,1.0,0.0,0.0,0.0,1.0,0.0,0.0,0.0,1.0,0.0039706240482871,-0.041844268816564,0.0019853120241435,1.21846967915e-07,0.0,0.0,0.0,1.21846967915e-07,0.0,0.0,0.0,1.21846967915e-07,-0.0861416135999999,0.0263210486,10.0749795573,9e-08,0.0,0.0,0.0,9e-08,0.0,0.0,0.0,9e-08
1776135960397749248,169,1776135960397749248,base_link,0.03954347358203325,-0.35039873165885105,0.025528176226071377,0.9354172089327341,1.0,0.0,0.0,0.0,1.0,0.0,0.0,0.0,1.0,0.0044287729769356,-0.0410806872688165,0.0022907446432425,1.21846967915e-07,0.0,0.0,0.0,1.21846967915e-07,0.0,0.0,0.0,1.21846967915e-07,-0.095712904,0.0299102825,10.0761759686,9e-08,0.0,0.0,0.0,9e-08,0.0,0.0,0.0,9e-08
1776135960498754048,170,1776135960498754048,base_link,0.039744019739624166,-0.3523608374710481,0.02571732894975151,0.9346661821759298,1.0,0.0,0.0,0.0,1.0,0.0,0.0,0.0,1.0,0.0038179077387375,-0.0416915525070145,0.001221730476396,1.21846967915e-07,0.0,0.0,0.0,1.21846967915e-07,0.0,0.0,0.0,1.21846967915e-07,-0.1004985492,0.0311066937999999,10.0797652025,9e-08,0.0,0.0,0.0,9e-08,0.0,0.0,0.0,9e-08
1776135960599887360,171,1776135960599887360,base_link,0.03996276119652058,-0.3543151642527115,0.025938624051639075,0.9339116285176192,1.0,0.0,0.0,0.0,1.0,0.0,0.0,0.0,1.0,0.0039706240482871,-0.041538836197465,0.001832595714594,1.21846967915e-07,0.0,0.0,0.0,1.21846967915e-07,0.0,0.0,0.0,1.21846967915e-07,-0.1016949604999999,0.023928226,10.0570333878,9e-08,0.0,0.0,0.0,9e-08,0.0,0.0,0.0,9e-08
1776135960700968448,172,1776135960700968448,base_link,0.04014966835670355,-0.35631839158285766,0.026143781911400994,0.9331354192281103,1.0,0.0,0.0,0.0,1.0,0.0,0.0,0.0,1.0,0.003359758810089,-0.0426078503643115,0.0016798794050445,1.21846967915e-07,0.0,0.0,0.0,1.21846967915e-07,0.0,0.0,0.0,1.21846967915e-07,-0.0753739119,0.0023928226,10.086943670299998,9e-08,0.0,0.0,0.0,9e-08,0.0,0.0,0.0,9e-08
1776135960802106880,173,1776135960802106880,base_link,0.0403770745729522,-0.3582553076251108,0.026356761975512344,0.932377685010497,1.0,0.0,0.0,0.0,1.0,0.0,0.0,0.0,1.0,0.0042760566673861,-0.041233403578366,0.001527163095495,1.21846967915e-07,0.0,0.0,0.0,1.21846967915e-07,0.0,0.0,0.0,1.21846967915e-07,-0.0861416135999999,0.0071784678,10.090532904199998,9e-08,0.0,0.0,0.0,9e-08,0.0,0.0,0.0,9e-08
1776135960904218880,174,1776135960904218880,base_link,0.040612057738328905,-0.3602303748863164,0.026587655046197887,0.9315996105487954,1.0,0.0,0.0,0.0,1.0,0.0,0.0,0.0,1.0,0.0042760566673861,-0.0416915525070145,0.001832595714594,1.21846967915e-07,0.0,0.0,0.0,1.21846967915e-07,0.0,0.0,0.0,1.21846967915e-07,-0.1028913717999999,0.0167497582,10.0821580251,9e-08,0.0,0.0,0.0,9e-08,0.0,0.0,0.0,9e-08
1776135961005217536,175,1776135961005217536,base_link,0.040854692364561976,-0.3621828555731309,0.026796284604775476,0.9308256723855813,1.0,0.0,0.0,0.0,1.0,0.0,0.0,0.0,1.0,0.0047342055960346,-0.0416915525070145,0.001221730476396,1.21846967915e-07,0.0,0.0,0.0,1.21846967915e-07,0.0,0.0,0.0,1.21846967915e-07,-0.0945164927,0.0538385085,10.0773723799,9e-08,0.0,0.0,0.0,9e-08,0.0,0.0,0.0,9e-08
1776135961106507776,176,1776135961106507776,base_link,0.04106015319645466,-0.3641686829135117,0.027004687057384777,0.9300354730231823,1.0,0.0,0.0,0.0,1.0,0.0,0.0,0.0,1.0,0.0038179077387375,-0.0423024177452125,0.001527163095495,1.21846967915e-07,0.0,0.0,0.0,1.21846967915e-07,0.0,0.0,0.0,1.21846967915e-07,-0.0789631458,0.0179461695,10.0917293155,9e-08,0.0,0.0,0.0,9e-08,0.0,0.0,0.0,9e-08
1776135961207569152,177,1776135961207569152,base_link,0.04129646379273603,-0.366154303537798,0.02723185297497283,0.9292384270264089,1.0,0.0,0.0,0.0,1.0,0.0,0.0,0.0,1.0,0.0044287729769356,-0.042455134054762,0.0016798794050445,1.21846967915e-07,0.0,0.0,0.0,1.21846967915e-07,0.0,0.0,0.0,1.21846967915e-07,-0.0765703232,0.0287138712,10.0666046782,9e-08,0.0,0.0,0.0,9e-08,0.0,0.0,0.0,9e-08
1776135961308794112,178,1776135961308794112,base_link,0.041533025143846256,-0.3680911067059961,0.02745833082146069,0.9284556990265367,1.0,0.0,0.0,0.0,1.0,0.0,0.0,0.0,1.0,0.0044287729769356,-0.0413861198879155,0.0016798794050445,1.21846967915e-07,0.0,0.0,0.0,1.21846967915e-07,0.0,0.0,0.0,1.21846967915e-07,-0.1016949604999999,0.0011964113,10.1024970172,9e-08,0.0,0.0,0.0,9e-08,0.0,0.0,0.0,9e-08
1776135961409763072,179,1776135961409763072,base_link,0.041720123594827845,-0.3700518706235743,0.027654394852548055,0.9276617264825391,1.0,0.0,0.0,0.0,1.0,0.0,0.0,0.0,1.0,0.0035124751196385,-0.0419969851261135,0.0013744467859455,1.21846967915e-07,0.0,0.0,0.0,1.21846967915e-07,0.0,0.0,0.0,1.21846967915e-07,-0.1064806057,0.0299102825,10.073783146,9e-08,0.0,0.0,0.0,9e-08,0.0,0.0,0.0,9e-08
1776135961510784768,180,1776135961510784768,base_link,0.041948586723064736,-0.37199708504755047,0.0278491768020741,0.9268672548642065,1.0,0.0,0.0,0.0,1.0,0.0,0.0,0.0,1.0,0.0045814892864851,-0.0416915525070145,0.000916297857297,1.21846967915e-07,0.0,0.0,0.0,1.21846967915e-07,0.0,0.0,0.0,1.21846967915e-07,-0.0897308475,0.0287138712,10.0785687912,9e-08,0.0,0.0,0.0,9e-08,0.0,0.0,0.0,9e-08
1776135961612330240,181,1776135961612330240,base_link,0.042189498218839126,-0.3739277917227947,0.028073667756692535,0.9260723092696616,1.0,0.0,0.0,0.0,1.0,0.0,0.0,0.0,1.0,0.0045814892864851,-0.041233403578366,0.001527163095495,1.21846967915e-07,0.0,0.0,0.0,1.21846967915e-07,0.0,0.0,0.0,1.21846967915e-07,-0.0969093152999999,-0.0203389920999999,9.954142016,9e-08,0.0,0.0,0.0,9e-08,0.0,0.0,0.0,9e-08
1776135961713430784,182,1776135961713430784,base_link,0.042395114464419355,-0.3759963296504996,0.028366785795798148,0.925216050348521,1.0,0.0,0.0,0.0,1.0,0.0,0.0,0.0,1.0,0.00305432619099,-0.0444404460789056,0.0035124751196385,1.21846967915e-07,0.0,0.0,0.0,1.21846967915e-07,0.0,0.0,0.0,1.21846967915e-07,-0.0550349198,0.0538385085,10.1671032274,9e-08,0.0,0.0,0.0,9e-08,0.0,0.0,0.0,9e-08
1776135961815091456,183,1776135961815091456,base_link,0.04282110966002434,-0.3778560165550214,0.028648081661649148,0.9244298084428925,1.0,0.0,0.0,0.0,1.0,0.0,0.0,0.0,1.0,0.0087048296443217,-0.0398589567924205,0.0010690141668465,1.21846967915e-07,0.0,0.0,0.0,1.21846967915e-07,0.0,0.0,0.0,1.21846967915e-07,-0.1004985492,0.1208375412999999,9.9457671369,9e-08,0.0,0.0,0.0,9e-08,0.0,0.0,0.0,9e-08
1776135961916136960,184,1776135961916136960,base_link,0.042851621561912606,-0.37985045376890475,0.028772643309872125,0.9236067920376261,1.0,0.0,0.0,0.0,1.0,0.0,0.0,0.0,1.0,0.000305432619099,-0.042760566673861,0.0010690141668465,1.21846967915e-07,0.0,0.0,0.0,1.21846967915e-07,0.0,0.0,0.0,1.21846967915e-07,-0.0861416135999999,-0.0323031051,10.2125668568,9e-08,0.0,0.0,0.0,9e-08,0.0,0.0,0.0,9e-08
1776135962017545984,185,1776135962017545984,base_link,0.0431092765706535,-0.38179383822892765,0.02897189418058013,0.9227869118662053,1.0,0.0,0.0,0.0,1.0,0.0,0.0,0.0,1.0,0.0053450708342326,-0.0416915525070145,0.000610865238198,1.21846967915e-07,0.0,0.0,0.0,1.21846967915e-07,0.0,0.0,0.0,1.21846967915e-07,-0.0897308475,0.0323031051,10.013962581,9e-08,0.0,0.0,0.0,9e-08,0.0,0.0,0.0,9e-08
1776135962118996992,186,1776135962118996992,base_link,0.04334690964640485,-0.38372185351005755,0.029181142206996802,0.9219691130956651,1.0,0.0,0.0,0.0,1.0,0.0,0.0,0.0,1.0,0.0047342055960346,-0.0413861198879155,0.0010690141668465,1.21846967915e-07,0.0,0.0,0.0,1.21846967915e-07,0.0,0.0,0.0,1.21846967915e-07,-0.0933200814,0.0215354033999999,10.1120683076,9e-08,0.0,0.0,0.0,9e-08,0.0,0.0,0.0,9e-08
1776135962220018432,187,1776135962220018432,base_link,0.0435677055987092,-0.38567548472466207,0.029396739582532812,0.921136313046651,1.0,0.0,0.0,0.0,1.0,0.0,0.0,0.0,1.0,0.0042760566673861,-0.042149701435663,0.0013744467859455,1.21846967915e-07,0.0,0.0,0.0,1.21846967915e-07,0.0,0.0,0.0,1.21846967915e-07,-0.0993021378999999,0.0227318147,10.073783146,9e-08,0.0,0.0,0.0,9e-08,0.0,0.0,0.0,9e-08
1776135962321511424,188,1776135962321511424,base_link,0.04376678501857698,-0.3876152443694552,0.02961544270677045,0.9203052843566787,1.0,0.0,0.0,0.0,1.0,0.0,0.0,0.0,1.0,0.003665191429188,-0.0416915525070145,0.0016798794050445,1.21846967915e-07,0.0,0.0,0.0,1.21846967915e-07,0.0,0.0,0.0,1.21846967915e-07,-0.0969093152999999,0.0131605243,10.0833544364,9e-08,0.0,0.0,0.0,9e-08,0.0,0.0,0.0,9e-08
1776135962422539776,189,1776135962422539776,base_link,0.043980049454918575,-0.389544304796304,0.029828418143340703,0.9194733575921453,1.0,0.0,0.0,0.0,1.0,0.0,0.0,0.0,1.0,0.0041233403578366,-0.0416915525070145,0.0013744467859455,1.21846967915e-07,0.0,0.0,0.0,1.21846967915e-07,0.0,0.0,0.0,1.21846967915e-07,-0.1052841944,0.0155533468999999,10.0881400816,9e-08,0.0,0.0,0.0,9e-08,0.0,0.0,0.0,9e-08
1776135962523946752,190,1776135962523946752,base_link,0.04419996033417961,-0.39150115706409144,0.030017037914580928,0.9186251602034256,1.0,0.0,0.0,0.0,1.0,0.0,0.0,0.0,1.0,0.0045814892864851,-0.042149701435663,0.000610865238198,1.21846967915e-07,0.0,0.0,0.0,1.21846967915e-07,0.0,0.0,0.0,1.21846967915e-07,-0.095712904,0.0514456858999999,10.0785687912,9e-08,0.0,0.0,0.0,9e-08,0.0,0.0,0.0,9e-08
1776135962625222400,191,1776135962625222400,base_link,0.04437040767416684,-0.39346821143623684,0.030214740413277073,0.9177696350249094,1.0,0.0,0.0,0.0,1.0,0.0,0.0,0.0,1.0,0.0032070425005395,-0.042455134054762,0.0013744467859455,1.21846967915e-07,0.0,0.0,0.0,1.21846967915e-07,0.0,0.0,0.0,1.21846967915e-07,-0.0789631458,0.023928226,10.1001041946,9e-08,0.0,0.0,0.0,9e-08,0.0,0.0,0.0,9e-08
1776135962726542848,192,1776135962726542848,base_link,0.04463507757998352,-0.39537532919969226,0.030428397301266338,0.916929752787715,1.0,0.0,0.0,0.0,1.0,0.0,0.0,0.0,1.0,0.0054977871437821,-0.041233403578366,0.0007635815477475,1.21846967915e-07,0.0,0.0,0.0,1.21846967915e-07,0.0,0.0,0.0,1.21846967915e-07,-0.1148554848,0.0382851616,10.0510513313,9e-08,0.0,0.0,0.0,9e-08,0.0,0.0,0.0,9e-08
1776135962827704064,193,1776135962827704064,base_link,0.044775611793210775,-0.3973086102980809,0.03062467927342495,0.9160803140505483,1.0,0.0,0.0,0.0,1.0,0.0,0.0,0.0,1.0,0.002443460952792,-0.041844268816564,0.0016798794050445,1.21846967915e-07,0.0,0.0,0.0,1.21846967915e-07,0.0,0.0,0.0,1.21846967915e-07,-0.0693918554,0.0023928226,10.0941221381,9e-08,0.0,0.0,0.0,9e-08,0.0,0.0,0.0,9e-08
1776135962929259776,194,1776135962929259776,base_link,0.04507906624386933,-0.39920613288427814,0.030902953484461915,0.9152307625512257,1.0,0.0,0.0,0.0,1.0,0.0,0.0,0.0,1.0,0.0058032197628811,-0.0410806872688165,0.0019853120241435,1.21846967915e-07,0.0,0.0,0.0,1.21846967915e-07,0.0,0.0,0.0,1.21846967915e-07,-0.0753739119,0.0346959277,10.073783146,9e-08,0.0,0.0,0.0,9e-08,0.0,0.0,0.0,9e-08
1776135963030270464,195,1776135963030270464,base_link,0.0452253020170293,-0.40113218602335743,0.03111375682892358,0.9143738707605229,1.0,0.0,0.0,0.0,1.0,0.0,0.0,0.0,1.0,0.002443460952792,-0.041844268816564,0.0019853120241435,1.21846967915e-07,0.0,0.0,0.0,1.21846967915e-07,0.0,0.0,0.0,1.21846967915e-07,-0.0993021378999999,0.0,10.086943670299998,9e-08,0.0,0.0,0.0,9e-08,0.0,0.0,0.0,9e-08
1776135963131877888,196,1776135963131877888,base_link,0.04544731409899398,-0.40303707259014776,0.03135225853033999,0.9135166641305444,1.0,0.0,0.0,0.0,1.0,0.0,0.0,0.0,1.0,0.0041233403578366,-0.041233403578366,0.001832595714594,1.21846967915e-07,0.0,0.0,0.0,1.21846967915e-07,0.0,0.0,0.0,1.21846967915e-07,-0.1136590735,0.0143569356,10.0785687912,9e-08,0.0,0.0,0.0,9e-08,0.0,0.0,0.0,9e-08
1776135963233425152,197,1776135963233425152,base_link,0.045646055741166716,-0.4049834720586642,0.03155414080829121,0.9126385709317978,1.0,0.0,0.0,0.0,1.0,0.0,0.0,0.0,1.0,0.0039706240482871,-0.042149701435663,0.0010690141668465,1.21846967915e-07,0.0,0.0,0.0,1.21846967915e-07,0.0,0.0,0.0,1.21846967915e-07,-0.0777667345,0.011964113,10.0821580251,9e-08,0.0,0.0,0.0,9e-08,0.0,0.0,0.0,9e-08
