field.header.stamp,field.orientation.x,field.orientation.y,field.orientation.z,field.orientation.w,field.angular_velocity.x,field.angular_velocity.y,field.angular_velocity.z,field.linear_acceleration.x,field.linear_acceleration.y,field.linear_acceleration.z
1777262424.7733352,0.0,0.0,0.0,1.0,0.0038179077387375,-0.040317105721069,0.002443460952792,-0.1280160091,0.1136590735,10.1024970172
1777262424.874781,-0.008970893436289162,0.0021801761027550647,-0.014171457599348585,0.999856959616037,-0.1774563516965234,0.0404698220306185,-0.279776279094691,0.8027919822999999,1.2478569859,9.9840522985
1777262424.975799,-0.02677068304562617,-0.006444084813323474,-0.12720719475691866,0.9914938899974446,-0.3313943917224233,-0.2345722514680379,-2.240348261091221,0.6963113766000001,1.0313065406,10.5104732705
1777262425.07681,-0.030192598337128757,-0.011802548577847558,-0.25368525497813665,0.9667434500731817,-0.0096211275016187,-0.1837177203880531,-2.549751504238516,0.9667003304,0.9475577496,9.499505722
1777262425.1778228,-0.014051581676746937,-0.02746201791111389,-0.37367669806972564,0.9270459082183248,0.4644102973400412,-0.2307543437293003,-2.513557738875284,1.4033904549,1.2000005339,10.1587283483
1777262425.2787662,-0.025038049604151798,-0.018613331673195066,-0.396200984734311,0.9176335977129465,-0.2547308043285724,0.0736092612028608,-0.4772384673421995,-0.7501498851,-0.6532405698,9.5545406418
1777262425.379819,-0.0038502951351826447,-0.03389270870466461,-0.41277064524298873,0.91019605247975,0.5172501404441695,-0.1078177145419497,-0.3747658236344824,0.0861416135999999,-0.2691925425,8.8618184991
1777262425.4807153,-0.0101184761460312,-0.03925529290941692,-0.5481437614627552,0.8354011342992899,0.0514653963181827,-0.1172861257340189,-3.074179311231512,1.2071790017,0.2476571390999999,9.7351987481
1777262425.581668,-0.00976597647606536,-0.04631313425965165,-0.5598546658576763,0.8272378572187725,0.0954476934684399,-0.1081231471610487,-0.2886338250485623,-0.3613162126,-0.0658026215,10.0438728635
1777262425.682702,-0.01507292170779523,-0.05003524243857453,-0.5621959401266301,0.8253514442044904,-0.0426078503643115,-0.1191187214486129,-0.0594066444147569,-0.0550349198,0.6999006105000001,8.9682991048
1777262425.7836175,-0.0201364496215625,-0.052168099167765034,-0.5495462021939733,0.8335898178840964,-0.0755945732270044,-0.0952949771588903,0.3022255765984681,0.4043870194,0.0586241537,11.0584296459
1777262425.8845494,-0.04030535251689835,-0.033573486579939964,-0.5095089304577504,0.8588649191468671,-0.5856670471223472,0.1032362252554646,0.9699012819488988,-0.6293123438,0.7381857721,10.6325072231
1777262425.9855585,-0.04152746928779401,-0.0332908697019094,-0.5051962213994884,0.861361692422365,-0.0287106661953067,-0.0056505034533316,0.100334615374024,-0.5335994398,0.0514456858999999,10.1587283483
1777262426.0867078,-0.03668198480045938,-0.03224007177210345,-0.4415083973333138,0.8959270867918869,0.0067195176201781,0.0908662041819547,1.4329371325029945,-0.4438685923,0.3493520996,9.7340023368
1777262426.1880677,-0.05089760479960101,-0.023905041364725314,-0.47386646730235604,0.8787994958973291,-0.2930625980254979,-0.000916297857297,-0.7101308394051928,0.1124626622,0.4965106894999999,10.666006739499998
1777262426.2893407,-0.05359933798908778,-0.03172745473761969,-0.5019897052429318,0.8626278545312099,0.060322942272054,-0.18157969205436,-0.638965039155124,0.1639083481,-0.1986042757999999,10.0331051618
1777262426.3906684,-0.057077787049705814,-0.03294429532789208,-0.4535302839853809,0.8888009232325293,-0.1091921613278952,-0.0177150919077424,1.0960449536367889,0.0646062102,-0.8697910151,10.4111711326
1777262426.491876,-0.02950972289909782,-0.04167243946696711,-0.4575019622936286,0.8877412565273566,0.5705481324769462,0.0928515162060983,-0.1117883385902368,-0.0861416135999999,-0.1974078645,9.7651090306
1777262426.5931692,-0.0025889257350779522,-0.0515882651100786,-0.47173118523540863,0.8802281733975954,0.5791002458117185,0.0766635873938509,-0.3457497248200766,-0.2823530668,0.1040877831,9.7292166916
1777262426.694345,-0.006037946256470486,-0.054256679041604604,-0.46932988853712315,0.8813337686201023,-0.0377209284587274,-0.0798706298943905,0.0523816941754798,0.3840480273,-1.1988041226,10.2113704455
1777262426.7956865,-0.017867183372960744,-0.0532289083459869,-0.49361799504734866,0.8678644606388991,-0.1858557487217461,-0.0865901475145686,-0.5404630194956941,0.3266202849,-0.9631110965,9.8129654826
1777262426.8971388,0.006139913939845032,-0.06482073570987128,-0.35999715420478434,0.9306785818118408,0.3633121004182696,-0.06154467274845,2.896875675844538,-0.1351944769,-0.5659025448999999,9.7555377402
1777262426.9986763,-0.013402388098560076,-0.06223992846484938,-0.304202377355707,0.9504775015270387,-0.4534147230524769,-0.10155634585042,1.1945469732962188,-0.3337987527,-0.0155533468999999,8.2612200265
1777262427.1032245,-0.013114203847699563,-0.06671070755993826,-0.270396647938886,0.96034543365276,-0.0143553330976533,-0.0844521191808756,0.675616953447005,0.0646062102,-0.4582255279,9.8261260069
1777262427.2048604,-0.005433726642494705,-0.07129155770157386,-0.23287796965647056,0.969874135990819,0.1171334094244694,-0.0555887366760194,0.755029434412747,-0.6484549246,0.1423729447,9.1740818484
1777262427.3066576,0.01387807061252924,-0.07933118843965391,-0.15759606089021824,0.984214124715101,0.2953533426687404,-0.1088867287087962,1.4865405571548704,0.155533469,-0.1363908882,9.8608219346
1777262427.4117897,-0.01236528184742237,-0.07881055792969988,-0.1438623011957578,0.9863770242956312,-0.5203044666351596,-0.0697913534641232,0.3051271864799087,-0.2356930260999999,-0.8997012976000001,10.097711372
1777262427.5179653,-0.01259180357988288,-0.0852898974855638,-0.07583143106467367,0.9933864675604309,-0.0991128848976279,-0.1177442746626674,1.3016011062904211,-0.1459621786,1.112662509,9.2039921309
1777262427.6196728,0.008233502751772792,-0.0925460809679383,-0.04194333792917637,0.9947905250520187,0.3620903699418736,-0.120645884544108,0.6368270108214309,-0.5048855686,0.1722832271999999,9.4205425762
1777262427.7214906,-0.0093367438790112,-0.09228376889228765,0.0805952738572681,0.9924217515979004,-0.5749769054538819,0.0177150919077424,2.4723243352969178,-0.7680960546,0.1004985492,10.0450692748
1777262427.82293,0.024275391126147572,-0.08497928887234911,0.07630288122855011,0.9931601563517558,0.6878342582109652,0.0917825020392518,-0.1472185224057217,-0.2859423007,0.7322037156,9.8536434668
1777262427.9270833,0.019849798344736668,-0.0904004187117115,0.027517880238178652,0.9953273411645125,-0.0064140850010791,-0.0833831050140291,-0.9425650625395378,-0.4833501651999999,-0.6771687957999999,8.745766603
1777262428.0289693,0.01077006541580973,-0.10421211483861195,0.004738401443889661,0.9944854892674702,-0.139735423237796,-0.2634356339728941,-0.4390593899548235,0.5970092387,0.7022934331,10.9172531125
1777262428.1319363,0.02349204476203899,-0.10640219321748826,0.01966352783263444,0.9938511170112866,0.219758769441736,-0.0500909495322372,0.2675589743307307,0.2081755662,0.035892339,11.1015004527
1777262428.233065,0.015036626072134563,-0.11541324929833464,0.054549386562251556,0.9917046163996865,-0.2551889532572209,-0.1838704366976026,0.7212791300023066,-0.5611168997,-1.5146567058,10.7521483531
1777262428.3344817,0.032365498653604885,-0.12330607569925002,0.013146718399483894,0.9917536236323409,0.4457789075750017,-0.1510364301444593,-0.8791877940764936,0.4019941968,0.3230310509999999,9.5629155209
1777262428.4355292,0.038768544413677664,-0.1207320204413885,0.023273073232904257,0.9916547500347491,0.1047633883509596,0.0426078503643115,0.1905899543177807,-0.6149554081999999,-0.7154539574000001,10.4004034309
1777262428.537284,0.03173891524334126,-0.1178398459802164,0.0603370657735952,0.9906895832965882,-0.2298380458720032,0.0398589567924205,0.7635815477475192,-0.2189432679,-0.4606183505,9.966106129
1777262428.6389322,0.01944039179736106,-0.11760481228411362,0.08625258111209348,0.9891166117025258,-0.3090978105281958,0.0132863189308068,0.5519167427119068,0.586241537,-0.442672181,10.2460663732
1777262428.7408807,0.034067717150540626,-0.11900772363559652,0.09926221773274643,0.9873315372730687,0.2579378468291119,-0.0581849139383609,0.2270891523001122,0.5886343596,0.1375872994999999,9.320044027
1777262428.842745,0.03945822183362775,-0.12225630250663498,0.07718009582555763,0.9887060625056832,0.1580613803837365,-0.06154467274845,-0.4590652265058085,-0.2608176634,-0.4295116567,9.8285188295
1777262428.9450526,0.029340490848134476,-0.12720072626059245,0.04556981245487315,0.9903951246994283,-0.1267545369260881,-0.0685696229877272,-0.6097962240311688,-0.8231309743999999,-0.6496513358999999,9.3140619705
1777262429.0467973,0.04576357038192063,-0.13021849803829094,0.04702346428157901,0.9893116961814964,0.3252857393404431,-0.0745255590601578,-0.0154243472644998,-0.1459621786,0.753739119,9.7555377402
1777262429.147993,0.06331741717140067,-0.1276867025787561,0.06485106131289874,0.9876645941380594,0.3103195410045918,0.0155770635740493,0.3165809096961214,0.0251246373,-0.4055834306999999,10.6157574649
1777262429.2493727,0.03084657452375028,-0.12893967431877373,0.08255313538370333,0.9877287224056205,-0.7058547827378068,0.0064140850010791,0.4453207586463532,0.2440679052,-0.1998006870999999,10.0570333878
1777262429.3510563,0.036735517192087244,-0.1279036732487217,0.17004737776208656,0.9764092592055609,-0.1160643952576229,-0.0250454747661186,1.7663168362495614,-0.4833501651999999,-0.909272588,10.612168230999998
1777262429.4533625,0.08105325483506359,-0.11866522782037565,0.2799358741183508,0.949202212370249,0.6029239901014412,-0.0850629844190736,2.151161936314311,-0.7310073043,-0.6293123438,10.1156575415
1777262429.5544372,0.06325336217132646,-0.13118161627818425,0.30293443707373024,0.9418179880207685,-0.4902193536539073,-0.1521054443113058,0.5474879697349713,0.0334995164,-0.0550349198,9.3176512044
1777262429.6561086,0.07001330673317732,-0.12935778637733816,0.34205699360846015,0.9280957456574094,0.0187841060745889,-0.0265726378616136,0.8211555964476821,-0.4953142781999999,-0.1363908882,9.8524470555
1777262429.7571602,0.07498301919664811,-0.12967967680154227,0.36226100495686103,0.9199607016304814,0.0270307867902621,-0.0508545310799847,0.4306599929296008,0.2177468566,-0.0514456858999999,9.607182739
1777262429.8587234,0.07861428156812877,-0.12809835506447276,0.39552266493929344,0.9060752880873767,-0.0294742477430542,-0.0143553330976533,0.7220427115500541,-0.753739119,-0.933200814,9.0951187026
1777262429.9600024,0.0952607092686215,-0.12535175693574854,0.4184183003732637,0.8945045892646439,0.2545780880190229,-0.0998764664453755,0.4703662334124718,-0.6173482308,-0.777667345,10.2448699619
1777262430.0614004,0.09271137471400777,-0.13964012878658888,0.3992211832763284,0.9014031740872406,-0.0980438707307814,-0.2264782870619142,-0.397978702686007,-0.1878365741,-0.3026920589,8.3880396243
1777262430.1630282,0.1067213449879773,-0.1264038162517437,0.40228667077812097,0.9004432598866006,0.3596469089890815,0.1273654021642862,0.0096211275016187,0.5563312545,-0.1830509289,10.2975120591
1777262430.264351,0.10812869034037859,-0.12707100583843672,0.3755060868549787,0.911677752572335,0.1171334094244694,0.0062613686915296,-0.599869663910451,0.9391828705,-0.4139583098,10.4518491168
1777262430.365795,0.10465981775564595,-0.13959622838734928,0.27965686023833686,0.9441140058748294,0.1902845216986817,-0.0959058423970884,-2.0622810441565,-0.1064806057,-0.6424728680999999,9.6000042712
1777262430.467162,0.12190159878587475,-0.13837763183660998,0.27966763495611047,0.94221953130828,0.3491094836301658,-0.0711658002500687,-0.0529925594136778,-0.5814558918,-1.387837108,10.4542419394
1777262430.568783,0.11852490391249257,-0.13682184572515313,0.3194236693743778,0.930161356501282,-0.2020436775339935,-0.0135917515499058,0.8649851772883898,0.2488535503999999,-0.0634097989,10.7653088774
1777262430.6698527,0.11997110679206202,-0.13425522507725915,0.4145874372089016,0.8920200249899646,-0.317344491243869,-0.0917825020392518,2.1125247099982865,-1.8221344099,-0.4821537539,9.9912307663
1777262430.771363,0.12309229275856838,-0.1363303329272793,0.41618338871959476,0.8905356336167861,0.0348193185772868,-0.0658207294158361,0.0316122760767473,0.3984049629,-0.3278166962,9.9349994352
1777262430.8726883,0.14546765274883433,-0.11481878213224733,0.4835245851828465,0.8554880389562255,0.3358231646993589,0.0855211333477221,1.4714216425094695,-1.8592231602,0.1351944769,10.1048898398
1777262430.9742846,0.13505268124096315,-0.12073058831523772,0.5244529686247507,0.8319459009066452,-0.4170682413796949,-0.0566577508428659,1.015105309575552,-0.5000999234,-0.4127618984999999,9.750752095
1777262431.0755663,0.15315389309234329,-0.11004314882037394,0.5554954471548084,0.8098513435307962,0.2965750731451364,-0.06154467274845,0.7082982436905988,-1.2514462198,-0.4498506488,9.4612205604
1777262431.1825366,0.15789461510415856,-0.09868906056071639,0.6034887507592468,0.7753264393491276,-0.0032070425005395,0.0476474885794451,1.1293371091185809,-1.3375878334,0.0191425808,9.2171526552
1777262431.2841632,0.15403683883656905,-0.09812105190402404,0.6549889915645819,0.7332355231327085,-0.2985603851692799,-0.0216857159560295,1.3839151971376038,0.4235296002,0.9224331123,9.9840522985
1777262431.38577,0.16342999741202494,-0.08908013070564087,0.6800074939455317,0.7091862762612438,0.1417207352619395,-0.0308486945289997,0.6676757053504309,-0.0370887503,-0.131605243,11.3120688415
1777262431.48687,0.15348980635250303,-0.08902269346285874,0.7488855422994313,0.6385031589032082,-0.5099197575857933,0.0531452757232273,2.0798434197546927,-0.1591227029,-0.2021935097,10.001998468
1777262431.5930192,0.15676844934335576,-0.07775604317346274,0.8302986603983646,0.5291330509249704,-0.2602285914723545,0.0096211275016187,2.658180084018664,-0.0634097989,-0.0179461695,10.2867443574
1777262431.6946514,0.16736545519955123,-0.06315065012964749,0.8625505739735476,0.47329410215209056,0.1343903524035633,-0.0616973890579995,1.264032894141243,-0.2021935097,-0.1998006870999999,11.2833549703
1777262431.796249,0.15863319401856393,-0.07382130597964336,0.9068201175105943,0.3834881993190933,-0.6479753014185448,0.0438295808407076,2.119702376547113,-0.9990034355,-0.2656033086,11.3120688415
1777262431.902615,0.16902165782109876,-0.052681405156599435,0.9414209003339794,0.287024453927698,0.100640047993123,-0.0416915525070145,1.9405661454455447,-0.4989035121,-1.3363914221,10.8119689181
1777262432.0047257,0.17002762227257473,-0.06059412230205277,0.9519738533009823,0.24731506755161164,-0.3048217538608097,-0.0545197225091728,0.8736900069327115,0.2679961312,0.2967100024,8.3114693011
1777262432.1058652,0.17644924988645408,-0.0364930214339803,0.9675905022095326,0.17692524306901866,0.2440406626601071,-0.0071776665488266,1.4052954804745343,-0.5096712138,-0.4043870194,10.4602239959
1777262432.2074497,0.17378841353121874,-0.034838592645199784,0.9698064049573417,0.16750939283670177,-0.0120645884544108,0.0591012117956579,0.1951714436042659,0.933200814,0.2309073809,9.6969135865
1777262432.3086412,0.18212112589804888,-0.03855083267690425,0.971845530986803,0.14443681214469986,-0.1383609764518504,-0.1731802950291373,0.4914410841303033,0.3098705267,0.6017948839,9.9768738307
1777262432.411247,0.18645904470104366,-0.02086619993316184,0.9750127347987046,0.11894449684568972,0.2721404636172158,-0.0360410490536829,0.4581489286485115,-0.7393821834000001,0.454636294,9.6861458848
1777262432.5122914,0.19231311711673607,-0.029596491843952074,0.9703877866333092,0.14313370046317758,-0.0645989989394401,-0.140346288475994,-0.4833471197241796,-0.4247260115,-0.3972085515999999,9.4025964067
1777262432.613703,0.20323505728827304,-0.015485278163027055,0.9717842193886945,0.11870614388628511,0.220675067299033,-0.1817324083639095,0.4453207586463532,-0.1962114532,0.0526420972,9.7591269741
1777262432.715357,0.21315343212268803,0.0023816152346098525,0.9714282740328305,0.1043410307251601,0.3361285973184579,-0.160962990265177,0.2118175213451618,-1.4464612617,0.6975077879,10.6887385542
1777262432.816659,0.210197381737255,-0.0007553499393827476,0.9725118450436696,0.1001858343630924,-0.0928515162060983,0.0502436658417867,0.1070541329942021,-0.1734796385,-0.1878365741,9.4325066892
1777262432.918292,0.2159078715024707,-0.004560531241668064,0.9708087919911007,0.10437088660563404,-0.0456621765553016,-0.1207986008536575,-0.0801760625134895,-0.4354937132,0.1112662509,11.0321085973
1777262433.019782,0.21947685918330911,-0.010461679478485558,0.9662201452041471,0.1346814484151259,0.0306959782194502,-0.0737619775124103,-0.6272058833198123,-0.0287138712,0.4331008906,10.2209417359
1777262433.1211889,0.2199772176017956,-0.035334431076941855,0.9606975246277166,0.16559519283728855,-0.3700316180384478,-0.0810923603707865,-0.5522221753310059,0.6388836341999999,-0.4331008906,10.5487584321
1777262433.2228403,0.218500680068442,-0.04737491761499747,0.9617072974331595,0.15853120845565088,-0.2929098817159483,-0.0100792764302672,0.2110539397974143,-0.1495514125,-0.1603191142,11.533404932
1777262433.3242612,0.21493250254043986,-0.060395711441978917,0.9565621541284227,0.18747059150787476,-0.1434006146669841,0.0158824961931484,-0.5621487354517236,0.5635097223,-1.7754743692,10.3214402851
1777262433.4253235,0.21258363817484052,-0.07587382374180891,0.9335475934587792,0.2784605006072989,0.1276708347833852,-0.0586430628670094,-1.9350683583017632,0.2033899209999999,-0.6376872229,9.8500542329
1777262433.527621,0.21836252962232705,-0.07455270835227903,0.8913917583184056,0.3901031050072528,0.6627887834448467,-0.0904080552533062,-2.553111263048605,0.6149554081999999,0.6640082715,11.2785693251
1777262433.6286983,0.21019949278520036,-0.09376454569950769,0.8625575982790602,0.45057604558350495,-0.1084285797801477,0.0038179077387375,-1.3368785737963564,-0.1519442351,-0.7286144817,9.7459664498
1777262433.7301614,0.2102348333338834,-0.09434987977261539,0.8350050162783547,0.4996659262246646,0.2736676267127109,0.0190895386936879,-1.2044735334169367,-0.3720839143,0.0131605243,10.1766745178
1777262433.8320208,0.18092105291494803,-0.14549027754907906,0.7664253767316079,0.5989092532701855,-0.6456845567753021,-0.0682641903686282,-2.2841778419319287,0.6269195211999999,-0.382851616,10.1419785901
1777262433.933304,0.20461581967052953,-0.11545299387699479,0.7593793110036818,0.606750389010975,0.8776606309809986,0.0080939644061237,-0.4228714611425761,-0.2297109696,0.8003991597,11.1349999691
1777262434.0347514,0.20930979241624112,-0.10431340094870967,0.7687725100702063,0.5952284880124088,0.1728748624100383,0.0536034246518758,0.2629774850442456,-0.4833501651999999,0.0155533468999999,10.229316614999998
1777262434.1357834,0.20400562450039506,-0.11001135806954174,0.8048672274278872,0.5463222057361794,-0.475864020556254,-0.0287106661953067,1.348790445941218,-0.8267202082999999,-0.1232303638999999,9.9134640318
1777262434.2386928,0.21241483286277826,-0.11250313524066351,0.8014706600656873,0.5476018301601726,0.0755945732270044,-0.1649336143134641,-0.082466807156732,-0.7405785947,-0.4833501651999999,9.858429112
1777262434.3397636,0.21732274591328804,-0.09609465861492344,0.8224999900558222,0.5167498495912332,0.1562287846691424,0.0768163037034004,0.7254024703601433,-0.0107677016999999,-0.0837487909999999,8.7266240222
1777262434.444201,0.2220484846469889,-0.08145612097359159,0.8594832914391177,0.45315322194473245,-0.0577267650097124,0.0138971841690048,1.4650075575083903,-1.3722837611,0.1806581063,10.779665813
1777262434.5453303,0.2373694312532504,-0.05024487554729347,0.87181502111714,0.4255229424393781,0.5945245930762184,-0.0125227373830593,0.4711298149602193,-0.5228317381,0.4618147618,9.4253282214
1777262434.6475728,0.23935314043149628,-0.049902175035531765,0.8732127088184091,0.4215678026727372,0.0053450708342326,-0.0378736447682769,0.0801760625134895,0.4941178669,0.5120640364,9.9326066126
1777262434.74857,0.2506922005498057,-0.04020723302609849,0.8702793198192239,0.4220790263574702,0.3138320161242304,-0.1140790832334793,-0.122173047639603,0.4486542375,0.8949156524,9.9433743143
1777262434.850196,0.2429269653054132,-0.05318239794118806,0.8729028783797503,0.41976027324304355,-0.3452915758914281,0.0171042266695444,0.1534798910972513,0.0873380249,-0.3337987527,9.8620183459
1777262434.9513648,0.24926033890545868,-0.028454421065112222,0.9189274460815823,0.3043550200153856,-0.1269072532356377,-0.0748309916792568,2.5654812841221157,-0.789631458,-0.6197410534,9.7340023368
1777262435.053309,0.25589802737165507,-0.011190658534500651,0.9403782321936796,0.22378505125488132,-0.0595593607243064,-0.121562182401405,1.6994270926668789,-0.3170489944999999,-0.8542376682,10.1288180658
1777262435.1548154,0.25406410243489996,0.00280220055213605,0.957267016060176,0.13814282279315515,-0.2034181243199391,0.0073303828583761,1.832595714594046,-0.7010970218,-0.4462614149,9.1908316066
1777262435.2563305,0.25504282172852816,0.031783423375755626,0.9654213851860816,0.04364083075120183,0.0937678140633953,-0.0455094602457521,1.9069685573446544,-0.9008977089,-0.2297109696,9.714859756
1777262435.3579786,0.25661789471337415,0.03226421524732194,0.9658646842967618,-0.014549507059240244,-0.322842278387651,-0.0789543320370934,1.2670872203322332,-0.7812565789,-0.526420972,10.2987084704
1777262435.459591,0.259660661393763,0.05314481467448375,0.9616177448893284,-0.07101607079901545,0.1241583596637466,-0.1169806931149199,1.116661655425972,-0.0837487909999999,-0.4366901245,9.6035935051
1777262435.5623329,0.25830379832091793,0.08595959072949153,0.9559314387845019,-0.10993261971770349,0.4841107012719272,-0.0656680131062866,0.6572909963010645,-1.5170495284,-0.1208375412999999,9.9804630646
1777262435.663681,0.2568704945550724,0.09475237668240127,0.9494192766479542,-0.15376141671220475,-0.0733038285837618,-0.0478002048889947,0.9262244174177408,-0.7250252478,-0.3014956476,9.6957171752
1777262435.7760513,0.2515614090417121,0.12804797386759398,0.9350950414396667,-0.21428447760932287,0.3309362427937748,-0.0881173106100637,1.0517572238674329,-0.3720839143,0.1052841944,11.0105731939
1777262435.87902,0.24666214141193116,0.12893764144785153,0.9259544112114322,-0.25522793924262266,-0.2193006205130875,0.0311541271480987,0.9133962474155825,-0.7800601676,-0.1028913717999999,10.4398850038
1777262435.980157,0.2503524123223664,0.1218695299242753,0.9251932103817923,-0.2578546311079961,-0.1896736564604837,-0.0404698220306185,0.1075122819228507,1.1964113,-0.0334995164,11.7463661434
1777262436.0818653,0.24197983999495937,0.13749067643353616,0.9157468687826896,-0.2897408208115693,0.1739438765768848,0.0374154958396284,0.6339254009399904,-0.2141576227,0.4295116567,10.6349000457
1777262436.1877377,0.2466992506272194,0.1343770623883033,0.9161558170053399,-0.28590348688173917,-0.0667370272731331,-0.0667370272731331,-0.060017509652955,0.6520441585,-1.2251251712,10.6947206107
1777262436.2890804,0.24927858043934908,0.12209051862897768,0.9151601475549526,-0.2922943703225353,-0.3214678316017055,0.0143553330976533,0.2243402587282211,-0.0287138712,0.1579262916,10.0091769358
1777262436.3940752,0.24960625840770256,0.11235099857656843,0.9169091466361162,-0.2904334445231542,-0.1901318053891323,0.0519235452468313,0.0106901416684652,0.3002992363,-0.4917250442999999,10.170692461300002
1777262436.4962866,0.24692512446075102,0.11802327449477915,0.8950689075693604,-0.35206553408444347,-0.2710714494503693,-0.0245873258374701,1.4065172109509303,-0.5682953675,-0.2620140747,9.6466643119
1777262436.5975416,0.2349876236585942,0.14316513195182545,0.8606725203744539,-0.4284009505040677,0.0901026226342072,-0.0235183116706235,1.694082021832646,-0.4833501651999999,-0.4007977855,10.3310115755
1777262436.700967,0.24112100218211643,0.13229938729887034,0.8726637941884252,-0.4035039488526686,-0.0998764664453755,-0.0050396382151336,-0.5274821331839863,-0.71784678,-0.4989035121,8.6010008357
1777262436.8020537,0.23474303576486438,0.15117342535810968,0.8612749952584383,-0.424555868135124,0.2915354349300028,-0.059712077033856,0.4066835323303287,-0.5611168997,-0.5527420206,10.1479606466
1777262436.9031725,0.24450362224251845,0.13807219283294356,0.8729870232591803,-0.39880785536103186,-0.1742493091959839,-0.0503963821513362,-0.5338962181850654,-0.7621139981,-0.6640082715,9.5976114486
1777262437.0051816,0.229535842186828,0.1622474774621261,0.8463490100902052,-0.4524183974244306,0.2423607832550626,0.0195476876223364,1.153313569717853,-0.6436692794,0.4295116567,9.8237331843
1777262437.1070356,0.2343390641080864,0.15387127042910687,0.8529647613003777,-0.4402952999400156,-0.1259909553783406,0.000916297857297,-0.2458732583747011,0.3254238735999999,-0.2691925425,9.5904329808
1777262437.2082849,0.2433012604546006,0.13763286737777625,0.8584044554406207,-0.43012031032987197,-0.341015519224042,-0.0097738438111682,-0.1385136927614,-0.6077769404,0.5730810127,10.0486585087
1777262437.3099186,0.24229089736432066,0.1501721866276316,0.8649483637259517,-0.4130469265176373,0.3846923837552002,-0.0829249560853805,-0.4886921905584123,0.0681954441,-1.0731809361,10.4709916976
1777262437.4109735,0.2356244048652793,0.166981587487236,0.8436145556909042,-0.45267291800875786,0.1073595656133011,-0.0653625804871876,0.8949175739600924,0.0203389920999999,0.1339980656,9.8428757651
1777262437.5122638,0.23567993200773868,0.1570801441334565,0.8263162406578739,-0.486808246019805,-0.4546364535288729,0.0742201264410588,0.9253081195604436,-0.9080761767,0.071784678,10.5188481496
1777262437.6141872,0.2387424168441449,0.14766251478462358,0.8504871869359524,-0.44482511730416907,0.0992656012071774,0.0578794813192619,-1.0186177846951905,-0.4821537539,-0.6675975054,10.1072826624
1777262437.715167,0.2317230258901279,0.15727945747440825,0.8361388418558611,-0.47163486795276094,0.0659734457253856,0.0187841060745889,0.6087272098643223,-1.0540383553,0.6077769404,10.1611211709
1777262437.816563,0.22343624966182912,0.16989765437192234,0.8312788458614792,-0.4797775628342603,0.2758056550464039,0.0158824961931484,0.1153008137098754,-0.2895315346,-0.4378865358,10.0307123392
1777262437.9184496,0.22869641399328106,0.1660496458194695,0.834581910911063,-0.4728620299092338,-0.0813977929898855,-0.0496328006035887,-0.1346957850226623,-0.3852444386,-0.2536391956,9.2087777761
1777262438.019629,0.25155607533405244,0.13216447705917042,0.8571531247151466,-0.42958190459709195,-0.5917756995043274,-0.0708603676309697,-0.8335256175211919,-0.2261217357,0.3924229064,9.5497549966
1777262438.1214242,0.24714734870461413,0.14903451628705075,0.8529123592165928,-0.4350257561098542,0.3393356398189975,-0.0759000058461034,0.0363464816727819,-0.7824529901999999,0.1447657673,9.6406822554
1777262438.2244573,0.26455355635468364,0.12875976463470995,0.877274785452574,-0.37923777454315355,-0.159741259788781,-0.1235474944255486,-1.1890491861524368,0.0825523797,1.1581261384,10.3561362128
1777262438.3255155,0.27413360675551746,0.11361580081473265,0.8804629778988774,-0.3697663586670359,-0.3341432852943143,-0.0589484954861084,-0.1035416578745636,-0.3314059300999999,0.2667997199,10.7018990785
1777262438.4268205,0.2854372591231308,0.09779015545654288,0.901715682319711,-0.30963120782433756,0.0270307867902621,-0.103083508945915,-1.3278683115329355,-0.0514456858999999,0.1292124204,8.1523465982
1777262438.527985,0.29749561445619194,0.05778946419531983,0.9228528966421848,-0.23769574747243535,-0.415846510903299,-0.0149661983358513,-1.4234687213109254,-0.8518448456000001,-0.0981057266,11.210373881
1777262438.6289392,0.2885159187331738,0.09928707154465491,0.8853773826317987,-0.35072429682829903,0.0983493033498804,-0.0482583538176432,2.447584293149898,-0.4211367776,-0.1148554848,9.7423772159
1777262438.7301276,0.2784259407984249,0.13283335514745853,0.833445517018594,-0.4584788603767783,-0.0908662041819547,-0.0653625804871876,2.516153916137625,-0.9415756931,-0.0035892339,9.750752095
1777262438.8319952,0.2624760373856259,0.16473128702339868,0.7787916372070189,-0.5453929947206555,0.0496328006035887,-0.0316122760767473,2.1051943271399103,-1.2526426310999998,-1.0253244841,11.1242322674
1777262438.9331024,0.23221369537369568,0.19972688065673178,0.7189727897279955,-0.623910330460049,0.3324634058892698,0.0656680131062866,1.9448422021129317,-0.5515456093,-0.1184447186999999,10.1252288319
1777262439.0345812,0.22222580065239286,0.21181777274227054,0.690032097565242,-0.6554423155431904,0.043371431912059,-0.0148134820263018,0.8723155601467658,-0.4366901245,-0.3038884702,11.0177516617
1777262439.1361983,0.19659345238476827,0.23845735267525625,0.6376175545334868,-0.705643649149684,0.3116939877905373,-0.0349720348868363,1.4005612748784997,-0.1052841944,-0.4881358104,10.0773723799
1777262439.237292,0.19324414525656555,0.24053927658338198,0.6045132818515349,-0.7344121790996455,-0.240375471230919,0.0035124751196385,0.9903652674285324,-0.622133876,-0.8338986760999999,10.8000048051
1777262439.3383677,0.15715946582686152,0.2618150843167652,0.5467439668618382,-0.7796311939791799,0.415846510903299,0.0835358213235785,1.3929254594010243,-0.7334001269,1.3890335193,9.7100741108
1777262439.439447,0.1245543713808141,0.27839521330579137,0.4963210035006547,-0.8128024208025321,0.3943135112568189,0.0471893396507966,1.1304061232854274,-0.2177468566,0.1770688724,9.2303131795
1777262439.5408604,0.09565593676021857,0.29300873929802435,0.4273571495392808,-0.8499186356323576,0.1727221461004888,-0.0438295808407076,1.565494889191964,0.3337987527,0.3314059300999999,9.2063849535
1777262439.6419373,0.061804089836373505,0.30414819689821915,0.38681189060260995,-0.8683609215594021,0.4864014459151697,0.0459676091744006,0.7747298383446329,-0.6891329087999999,0.6065805291,10.309476172099998
1777262439.743055,0.05135191228218762,0.31423143119640295,0.369623241023893,-0.8729262560194967,0.1963931740806619,-0.1279762674024842,0.2912300023109038,0.4079762533,-0.1770688724,10.5200445609
